-- phpMyAdmin SQL Dump
-- version 4.1.14
-- http://www.phpmyadmin.net
--
-- Хост: 127.0.0.1
-- Время создания: Дек 14 2015 г., 23:57
-- Версия сервера: 5.6.17
-- Версия PHP: 5.5.12

SET SQL_MODE = "NO_AUTO_VALUE_ON_ZERO";
SET time_zone = "+00:00";


/*!40101 SET @OLD_CHARACTER_SET_CLIENT=@@CHARACTER_SET_CLIENT */;
/*!40101 SET @OLD_CHARACTER_SET_RESULTS=@@CHARACTER_SET_RESULTS */;
/*!40101 SET @OLD_COLLATION_CONNECTION=@@COLLATION_CONNECTION */;
/*!40101 SET NAMES utf8 */;

--
-- База данных: `umer_hotlot`
--

-- --------------------------------------------------------

--
-- Структура таблицы `bids`
--

CREATE TABLE IF NOT EXISTS `bids` (
  `id` int(10) unsigned NOT NULL AUTO_INCREMENT,
  `created_at` timestamp NOT NULL DEFAULT '0000-00-00 00:00:00',
  `updated_at` timestamp NOT NULL DEFAULT '0000-00-00 00:00:00',
  `price` double(13,2) NOT NULL,
  `cargo_name` varchar(255) COLLATE utf8_unicode_ci NOT NULL,
  `cargo_price` double NOT NULL,
  `insurance` tinyint(1) NOT NULL,
  `weight` decimal(5,2) NOT NULL,
  `volume` decimal(5,2) NOT NULL,
  `number_of_seats` int(10) unsigned NOT NULL,
  `requirements` text COLLATE utf8_unicode_ci NOT NULL,
  `route_from` varchar(255) COLLATE utf8_unicode_ci NOT NULL,
  `route_where` varchar(255) COLLATE utf8_unicode_ci NOT NULL,
  `load_datetime` datetime NOT NULL,
  `load_transporter` varchar(255) COLLATE utf8_unicode_ci NOT NULL,
  `load_address` varchar(255) COLLATE utf8_unicode_ci NOT NULL,
  `load_face` varchar(255) COLLATE utf8_unicode_ci NOT NULL,
  `load_phone` varchar(255) COLLATE utf8_unicode_ci NOT NULL,
  `unload_datetime` datetime NOT NULL,
  `unload_transporter` varchar(255) COLLATE utf8_unicode_ci NOT NULL,
  `unload_address` varchar(255) COLLATE utf8_unicode_ci NOT NULL,
  `unload_face` varchar(255) COLLATE utf8_unicode_ci NOT NULL,
  `unload_phone` varchar(255) COLLATE utf8_unicode_ci NOT NULL,
  `comment` text COLLATE utf8_unicode_ci NOT NULL,
  `company_name` varchar(255) COLLATE utf8_unicode_ci NOT NULL,
  `user_name` varchar(255) COLLATE utf8_unicode_ci NOT NULL,
  `user_surname` varchar(255) COLLATE utf8_unicode_ci NOT NULL,
  `user_patronymic` varchar(255) COLLATE utf8_unicode_ci NOT NULL,
  `requisiites` text COLLATE utf8_unicode_ci NOT NULL,
  `transport_type` varchar(255) COLLATE utf8_unicode_ci NOT NULL,
  `cargo_type_id` int(10) unsigned NOT NULL,
  `user_id` int(10) unsigned NOT NULL,
  `currency_id` int(10) unsigned NOT NULL,
  `user_confirmed` tinyint(1) NOT NULL,
  `user_email` varchar(255) COLLATE utf8_unicode_ci NOT NULL,
  `admin_confirmed` tinyint(1) NOT NULL,
  PRIMARY KEY (`id`),
  KEY `bids_user_id_foreign` (`user_id`),
  KEY `bids_cargo_type_id_foreign` (`cargo_type_id`),
  KEY `bids_currency_id_foreign` (`currency_id`)
) ENGINE=InnoDB  DEFAULT CHARSET=utf8 COLLATE=utf8_unicode_ci AUTO_INCREMENT=3 ;

--
-- Дамп данных таблицы `bids`
--

INSERT INTO `bids` (`id`, `created_at`, `updated_at`, `price`, `cargo_name`, `cargo_price`, `insurance`, `weight`, `volume`, `number_of_seats`, `requirements`, `route_from`, `route_where`, `load_datetime`, `load_transporter`, `load_address`, `load_face`, `load_phone`, `unload_datetime`, `unload_transporter`, `unload_address`, `unload_face`, `unload_phone`, `comment`, `company_name`, `user_name`, `user_surname`, `user_patronymic`, `requisiites`, `transport_type`, `cargo_type_id`, `user_id`, `currency_id`, `user_confirmed`, `user_email`, `admin_confirmed`) VALUES
(1, '2015-12-14 17:21:37', '2015-12-14 22:41:30', 123456.00, '124124124', 10, 0, '10.00', '10.00', 10, 'Тестовый тест', 'проспект Гагарина, 2, Харьков, Харьковская область, Украина', 'Московский проспект, 20, Харьков, Харьковская область, Украина', '2015-12-16 19:16:36', 'Тестовый тест', 'проспект Гагарина, 127, Харьков, Харьковская область, Украина', 'Тестовый тест', '1231231', '2015-12-15 19:16:37', 'Тестовый тест', 'проспект Гагарина, 2, Харьков, Харьковская область, Украина', 'Тестовый тест', 'Тестовый тест', '', '', '', '', '', '', 'Авто', 6, 4, 1, 0, '', 1),
(2, '2015-12-14 20:26:10', '2015-12-14 20:26:10', 1.00, 'Тестовый тест', 1, 1, '1.00', '1.00', 1, 'Тестовый тест', 'Харьков, Харьковская область, Украина', 'Киев, город Киев, Украина', '2015-12-15 22:25:57', 'Тестовый тест', 'Харьков, Харьковская область, Украина', 'Тестовый тест', 'Тестовый тест', '2015-12-15 22:26:00', 'Тестовый тест', 'Тестовый тест', 'Тестовый тест', 'Тестовый тест', 'Тестовый тест', '', '', '', '', '', '', 6, 4, 1, 0, '', 0);

-- --------------------------------------------------------

--
-- Структура таблицы `blocks`
--

CREATE TABLE IF NOT EXISTS `blocks` (
  `id` int(10) unsigned NOT NULL AUTO_INCREMENT,
  `name` varchar(255) COLLATE utf8_unicode_ci NOT NULL,
  PRIMARY KEY (`id`)
) ENGINE=InnoDB DEFAULT CHARSET=utf8 COLLATE=utf8_unicode_ci AUTO_INCREMENT=1 ;

-- --------------------------------------------------------

--
-- Структура таблицы `cargo_types`
--

CREATE TABLE IF NOT EXISTS `cargo_types` (
  `id` int(10) unsigned NOT NULL AUTO_INCREMENT,
  `name` varchar(255) COLLATE utf8_unicode_ci NOT NULL,
  `value` decimal(3,2) NOT NULL,
  PRIMARY KEY (`id`)
) ENGINE=InnoDB  DEFAULT CHARSET=utf8 COLLATE=utf8_unicode_ci AUTO_INCREMENT=9 ;

--
-- Дамп данных таблицы `cargo_types`
--

INSERT INTO `cargo_types` (`id`, `name`, `value`) VALUES
(6, 'Крытая', '1.00'),
(7, 'Рефрежератор', '1.20'),
(8, 'ADR перевозка', '1.15');

-- --------------------------------------------------------

--
-- Структура таблицы `codes`
--

CREATE TABLE IF NOT EXISTS `codes` (
  `id` int(10) unsigned NOT NULL AUTO_INCREMENT,
  `code` varchar(255) COLLATE utf8_unicode_ci NOT NULL,
  `name` varchar(255) COLLATE utf8_unicode_ci NOT NULL,
  PRIMARY KEY (`id`)
) ENGINE=InnoDB  DEFAULT CHARSET=utf8 COLLATE=utf8_unicode_ci AUTO_INCREMENT=64 ;

--
-- Дамп данных таблицы `codes`
--

INSERT INTO `codes` (`id`, `code`, `name`) VALUES
(5, 'AT', 'Австрия'),
(12, 'AL', 'Албания'),
(13, 'AM', 'Армения'),
(14, 'AF', 'Афганистан'),
(16, 'AZ', 'Азербайджан'),
(17, 'BY', 'Беларусь'),
(18, 'BE', 'Бельгия'),
(19, 'BA', 'Босния и Герцеговина'),
(20, 'BG', 'Болгария'),
(21, 'CZ', 'Чехия'),
(22, 'CH', 'Швейцария'),
(23, 'DE', 'Германия'),
(24, 'DK', 'Дания'),
(25, 'EE', 'Эстония'),
(26, 'ES', 'Испания'),
(27, 'FI', 'Финляндия'),
(28, 'GB', 'Великобритания'),
(29, 'GE', 'Грузия'),
(30, 'GR', 'Греция'),
(31, 'HR', 'Хорватия'),
(32, 'HU', 'Венгрия'),
(33, 'FR', 'Франция'),
(34, 'IT', 'Италия'),
(35, 'IE', 'Ирландия'),
(36, 'IQ', 'Ирак'),
(37, 'IR', 'Иран'),
(38, 'KG', 'Киргизия'),
(39, 'KZ', 'Казахстан'),
(40, 'LI', 'Лихтенштейн'),
(41, 'LT', 'Литва'),
(42, 'LV', 'Латвия'),
(43, 'LU', 'Люксембург'),
(44, 'ME', 'Черногория'),
(45, 'MD', 'Молдавия'),
(46, 'MN', 'Монголия'),
(47, 'NL', 'Нидерланды'),
(48, 'NO', 'Норвегия'),
(49, 'MK', 'Македония'),
(50, 'PL', 'Польша'),
(51, 'PT', 'Португалия'),
(52, 'RO', 'Румыния'),
(53, 'RS', 'Сербия'),
(54, 'RU', 'Россия'),
(55, 'SE', 'Швеция'),
(56, 'SI', 'Словения'),
(57, 'SK', 'Словакия'),
(58, 'TM', 'Туркмения'),
(59, 'TR', 'Турция'),
(60, 'UA', 'Украина'),
(61, 'UZ', 'Узбекистан'),
(62, 'TJ', 'Таджикистан '),
(63, 'MOSCOW', 'Москва');

-- --------------------------------------------------------

--
-- Структура таблицы `coeffs`
--

CREATE TABLE IF NOT EXISTS `coeffs` (
  `id` int(10) unsigned NOT NULL AUTO_INCREMENT,
  `name` varchar(255) COLLATE utf8_unicode_ci NOT NULL,
  `ru_name` varchar(255) COLLATE utf8_unicode_ci NOT NULL,
  PRIMARY KEY (`id`)
) ENGINE=InnoDB  DEFAULT CHARSET=utf8 COLLATE=utf8_unicode_ci AUTO_INCREMENT=8 ;

--
-- Дамп данных таблицы `coeffs`
--

INSERT INTO `coeffs` (`id`, `name`, `ru_name`) VALUES
(1, 'distance', 'Расстояние'),
(2, 'w', 'Ширина груза'),
(3, 'l', 'Длина груза'),
(4, 'h', 'Высота груза'),
(5, 'm', 'Вес груза'),
(6, 'load', 'Коэффициент груза'),
(7, 'dl', 'Коэффициенты расстояния, м');

-- --------------------------------------------------------

--
-- Структура таблицы `conditions`
--

CREATE TABLE IF NOT EXISTS `conditions` (
  `id` int(10) unsigned NOT NULL AUTO_INCREMENT,
  `name` varchar(255) COLLATE utf8_unicode_ci NOT NULL,
  `ru_name` varchar(255) COLLATE utf8_unicode_ci NOT NULL,
  PRIMARY KEY (`id`)
) ENGINE=InnoDB  DEFAULT CHARSET=utf8 COLLATE=utf8_unicode_ci AUTO_INCREMENT=4 ;

--
-- Дамп данных таблицы `conditions`
--

INSERT INTO `conditions` (`id`, `name`, `ru_name`) VALUES
(1, 'unconfirmed', 'Неподтвержденные'),
(2, 'ontheway', 'В пути'),
(3, 'completed', 'Доставленные');

-- --------------------------------------------------------

--
-- Структура таблицы `countries`
--

CREATE TABLE IF NOT EXISTS `countries` (
  `id` int(10) unsigned NOT NULL AUTO_INCREMENT,
  `code_id` int(10) unsigned NOT NULL,
  `end` varchar(255) COLLATE utf8_unicode_ci NOT NULL,
  `value` decimal(5,2) NOT NULL,
  PRIMARY KEY (`id`),
  KEY `countries_code_id_foreign` (`code_id`)
) ENGINE=InnoDB  DEFAULT CHARSET=utf8 COLLATE=utf8_unicode_ci AUTO_INCREMENT=2473 ;

--
-- Дамп данных таблицы `countries`
--

INSERT INTO `countries` (`id`, `code_id`, `end`, `value`) VALUES
(36, 5, 'RU', '0.70'),
(37, 5, 'UA', '0.70'),
(38, 5, 'DE', '0.90'),
(39, 5, 'AT', '1.00'),
(40, 5, 'TS', '1.00'),
(47, 12, 'AL', '1.00'),
(48, 13, 'AM', '0.60'),
(49, 14, 'AF', '2.00'),
(50, 14, 'RU', '2.00'),
(51, 14, 'UA', '2.00'),
(52, 14, 'DE', '2.00'),
(53, 14, 'AT', '2.00'),
(54, 14, 'AL', '2.00'),
(55, 14, 'AM', '22.00'),
(78, 16, 'AZ', '1.00'),
(79, 17, 'BY', '0.90'),
(80, 18, 'BE', '1.00'),
(81, 19, 'BA', '1.00'),
(82, 20, 'BG', '1.00'),
(83, 21, 'CZ', '1.00'),
(84, 22, 'CH', '1.00'),
(85, 23, 'DE', '1.00'),
(86, 24, 'DK', '1.00'),
(87, 25, 'EE', '1.00'),
(88, 26, 'ES', '1.00'),
(89, 27, 'FI', '1.00'),
(90, 28, 'GB', '1.00'),
(91, 29, 'GE', '1.00'),
(92, 30, 'GR', '1.00'),
(93, 31, 'HR', '1.00'),
(94, 32, 'HU', '1.00'),
(95, 33, 'FR', '1.00'),
(96, 34, 'IT', '1.00'),
(97, 35, 'IE', '1.00'),
(98, 36, 'IQ', '1.00'),
(99, 37, 'IR', '1.00'),
(100, 38, 'KG', '1.00'),
(101, 39, 'KZ', '0.55'),
(102, 40, 'LI', '1.00'),
(103, 41, 'LT', '1.00'),
(104, 42, 'LV', '1.00'),
(105, 43, 'LU', '1.00'),
(106, 44, 'ME', '1.00'),
(107, 45, 'MD', '1.00'),
(108, 46, 'MN', '0.60'),
(109, 47, 'NL', '1.00'),
(110, 48, 'NO', '1.00'),
(111, 49, 'MK', '1.00'),
(112, 50, 'PL', '1.00'),
(113, 51, 'PT', '1.00'),
(114, 52, 'RO', '1.00'),
(115, 53, 'RS', '1.00'),
(116, 54, 'RU', '1.00'),
(117, 55, 'SE', '1.00'),
(118, 56, 'SI', '1.00'),
(119, 57, 'SK', '1.00'),
(120, 58, 'TM', '0.60'),
(121, 59, 'TR', '1.00'),
(122, 60, 'UA', '0.45'),
(123, 61, 'UZ', '1.00'),
(125, 23, 'AT', '0.90'),
(126, 23, 'AL', '1.20'),
(127, 23, 'AM', '1.30'),
(128, 23, 'AF', '1.50'),
(129, 23, 'AZ', '1.10'),
(130, 23, 'BY', '0.60'),
(131, 23, 'BE', '0.90'),
(132, 23, 'BA', '1.10'),
(133, 23, 'BG', '0.90'),
(134, 23, 'CZ', '0.90'),
(135, 23, 'CH', '1.02'),
(136, 23, 'DK', '0.90'),
(137, 23, 'EE', '0.90'),
(138, 23, 'ES', '1.02'),
(139, 23, 'FI', '1.10'),
(140, 23, 'GB', '1.10'),
(141, 23, 'GE', '1.25'),
(142, 23, 'GR', '1.12'),
(143, 23, 'HR', '1.10'),
(144, 23, 'HU', '0.90'),
(145, 23, 'FR', '0.95'),
(146, 23, 'IT', '0.90'),
(147, 23, 'IE', '1.30'),
(148, 23, 'IQ', '1.50'),
(149, 23, 'IR', '1.45'),
(150, 23, 'KG', '1.30'),
(151, 23, 'KZ', '1.30'),
(152, 23, 'LI', '1.02'),
(153, 23, 'LT', '0.90'),
(154, 23, 'LV', '0.90'),
(155, 23, 'LU', '1.02'),
(156, 23, 'ME', '1.10'),
(157, 23, 'MD', '0.90'),
(158, 23, 'MN', '1.40'),
(159, 23, 'NL', '0.90'),
(160, 23, 'NO', '1.05'),
(161, 23, 'MK', '1.20'),
(162, 23, 'PL', '0.90'),
(163, 23, 'PT', '1.05'),
(164, 23, 'RO', '0.90'),
(165, 23, 'RS', '1.10'),
(166, 23, 'RU', '0.70'),
(167, 23, 'SE', '1.10'),
(168, 23, 'SI', '0.90'),
(169, 23, 'SK', '0.90'),
(170, 23, 'TM', '1.40'),
(171, 23, 'TR', '1.02'),
(172, 23, 'UA', '0.70'),
(173, 23, 'UZ', '1.40'),
(174, 23, 'VN', '1.00'),
(175, 5, 'AL', '1.20'),
(176, 5, 'AM', '1.30'),
(177, 5, 'AF', '1.50'),
(178, 5, 'AZ', '1.10'),
(179, 5, 'BY', '0.60'),
(180, 5, 'BE', '0.90'),
(181, 5, 'BA', '1.10'),
(182, 5, 'BG', '0.90'),
(183, 5, 'CZ', '0.90'),
(184, 5, 'CH', '1.00'),
(185, 5, 'DK', '0.90'),
(186, 5, 'EE', '0.90'),
(187, 5, 'ES', '1.00'),
(188, 5, 'FI', '1.10'),
(189, 5, 'GB', '1.10'),
(190, 5, 'GE', '1.25'),
(191, 5, 'GR', '1.12'),
(192, 5, 'HR', '1.10'),
(193, 5, 'HU', '0.90'),
(194, 5, 'FR', '0.95'),
(195, 5, 'IT', '0.90'),
(196, 5, 'IE', '1.30'),
(197, 5, 'IQ', '1.50'),
(198, 5, 'IR', '1.45'),
(199, 5, 'KG', '1.30'),
(200, 5, 'KZ', '1.30'),
(201, 5, 'LI', '1.00'),
(202, 5, 'LT', '0.90'),
(203, 5, 'LV', '0.90'),
(204, 5, 'LU', '1.00'),
(205, 5, 'ME', '1.10'),
(206, 5, 'MD', '0.90'),
(207, 5, 'MN', '1.40'),
(208, 5, 'NL', '0.90'),
(209, 5, 'NO', '1.05'),
(210, 5, 'MK', '1.20'),
(211, 5, 'PL', '0.90'),
(212, 5, 'PT', '1.05'),
(213, 5, 'RO', '0.90'),
(214, 5, 'RS', '1.10'),
(215, 5, 'SE', '1.10'),
(216, 5, 'SI', '0.90'),
(217, 5, 'SK', '0.90'),
(218, 5, 'TM', '1.40'),
(219, 5, 'TR', '1.02'),
(220, 5, 'UZ', '1.40'),
(221, 54, 'AT', '0.67'),
(222, 54, 'AL', '1.02'),
(223, 54, 'AM', '1.20'),
(224, 54, 'AF', '1.50'),
(225, 54, 'AZ', '1.10'),
(226, 54, 'BY', '0.57'),
(227, 54, 'BE', '0.60'),
(228, 54, 'BA', '0.75'),
(229, 54, 'BG', '0.70'),
(230, 54, 'CZ', '0.65'),
(231, 54, 'CH', '0.70'),
(232, 54, 'DE', '0.65'),
(233, 54, 'DK', '0.80'),
(234, 54, 'EE', '0.65'),
(235, 54, 'ES', '0.75'),
(236, 54, 'FI', '0.70'),
(237, 54, 'GB', '1.05'),
(238, 54, 'GE', '0.90'),
(239, 54, 'GR', '0.95'),
(240, 54, 'HR', '0.75'),
(241, 54, 'HU', '0.65'),
(242, 54, 'FR', '0.71'),
(243, 54, 'IT', '0.65'),
(244, 54, 'IE', '1.10'),
(245, 54, 'IQ', '1.40'),
(246, 54, 'IR', '1.30'),
(247, 54, 'KG', '0.70'),
(248, 54, 'KZ', '0.70'),
(249, 54, 'LI', '0.75'),
(250, 54, 'LT', '0.65'),
(251, 54, 'LV', '0.65'),
(252, 54, 'LU', '0.82'),
(253, 54, 'ME', '0.75'),
(254, 54, 'MD', '0.63'),
(255, 54, 'MN', '0.90'),
(256, 54, 'NL', '0.65'),
(257, 54, 'NO', '0.85'),
(258, 54, 'MK', '0.75'),
(259, 54, 'PL', '0.55'),
(260, 54, 'PT', '0.80'),
(261, 54, 'RO', '0.70'),
(262, 54, 'RS', '0.75'),
(263, 54, 'SE', '0.85'),
(264, 54, 'SI', '0.65'),
(265, 54, 'SK', '0.65'),
(266, 54, 'TM', '1.57'),
(267, 54, 'TR', '0.75'),
(268, 54, 'UA', '0.63'),
(269, 54, 'UZ', '1.10'),
(270, 22, 'AT', '0.95'),
(271, 22, 'AL', '1.20'),
(272, 22, 'AM', '1.30'),
(273, 22, 'AF', '2.50'),
(274, 22, 'AZ', '1.10'),
(275, 22, 'BY', '0.60'),
(276, 22, 'BE', '0.95'),
(277, 22, 'BA', '1.10'),
(278, 22, 'BG', '0.95'),
(279, 22, 'CZ', '0.95'),
(280, 22, 'DE', '0.95'),
(281, 22, 'DK', '0.95'),
(282, 22, 'EE', '0.95'),
(283, 22, 'ES', '1.05'),
(284, 22, 'FI', '1.15'),
(285, 22, 'GB', '1.15'),
(286, 22, 'GE', '1.30'),
(287, 22, 'GR', '1.12'),
(288, 22, 'HR', '1.10'),
(289, 22, 'HU', '0.95'),
(290, 22, 'FR', '1.00'),
(291, 22, 'IT', '0.95'),
(292, 22, 'IE', '1.35'),
(293, 22, 'IQ', '1.55'),
(294, 22, 'IR', '1.50'),
(295, 22, 'KG', '1.35'),
(296, 22, 'KZ', '1.35'),
(297, 22, 'LI', '1.05'),
(298, 22, 'LT', '0.95'),
(299, 22, 'LV', '0.95'),
(300, 22, 'LU', '1.05'),
(301, 22, 'ME', '1.15'),
(302, 22, 'MD', '0.95'),
(303, 22, 'MN', '1.45'),
(304, 22, 'NL', '0.95'),
(305, 22, 'NO', '1.10'),
(306, 22, 'MK', '1.25'),
(307, 22, 'PL', '0.95'),
(308, 22, 'PT', '1.10'),
(309, 22, 'RO', '0.95'),
(310, 22, 'RS', '1.15'),
(311, 22, 'RU', '0.75'),
(312, 22, 'SE', '1.15'),
(313, 22, 'SI', '0.95'),
(314, 22, 'SK', '0.95'),
(315, 22, 'TM', '1.45'),
(316, 22, 'TR', '1.05'),
(317, 22, 'UA', '0.75'),
(318, 22, 'UZ', '1.45'),
(319, 39, 'AT', '0.55'),
(320, 39, 'AL', '0.55'),
(321, 39, 'AM', '0.55'),
(322, 39, 'AF', '1.50'),
(323, 39, 'AZ', '0.55'),
(324, 39, 'BY', '0.55'),
(325, 39, 'BE', '0.55'),
(326, 39, 'BA', '0.55'),
(327, 39, 'BG', '0.55'),
(328, 39, 'CZ', '0.55'),
(329, 39, 'CH', '0.55'),
(330, 39, 'DE', '0.55'),
(331, 39, 'DK', '0.55'),
(332, 39, 'EE', '0.55'),
(333, 39, 'ES', '0.55'),
(334, 39, 'FI', '0.55'),
(335, 39, 'GB', '0.55'),
(336, 39, 'GE', '0.55'),
(337, 39, 'GR', '0.55'),
(338, 39, 'HR', '0.55'),
(339, 39, 'HU', '0.55'),
(340, 39, 'FR', '0.55'),
(341, 39, 'IT', '0.55'),
(342, 39, 'IE', '0.55'),
(343, 39, 'IQ', '0.55'),
(344, 39, 'IR', '0.55'),
(345, 39, 'KG', '0.55'),
(346, 39, 'LI', '0.55'),
(347, 39, 'LT', '0.55'),
(348, 39, 'LV', '0.55'),
(349, 39, 'LU', '0.55'),
(350, 39, 'ME', '0.55'),
(351, 39, 'MD', '0.55'),
(352, 39, 'MN', '0.55'),
(353, 39, 'NL', '0.55'),
(354, 39, 'NO', '0.55'),
(355, 39, 'MK', '0.55'),
(356, 39, 'PL', '0.55'),
(357, 39, 'PT', '0.55'),
(358, 39, 'RO', '0.55'),
(359, 39, 'RS', '0.55'),
(360, 39, 'RU', '0.55'),
(361, 39, 'SE', '0.55'),
(362, 39, 'SI', '0.55'),
(363, 39, 'SK', '0.55'),
(364, 39, 'TM', '0.55'),
(365, 39, 'TR', '0.55'),
(366, 39, 'UA', '0.55'),
(367, 39, 'UZ', '0.55'),
(368, 18, 'AT', '0.90'),
(369, 18, 'AL', '1.20'),
(370, 18, 'AM', '1.30'),
(371, 18, 'AF', '1.50'),
(372, 18, 'AZ', '1.10'),
(373, 18, 'BY', '0.60'),
(374, 18, 'BA', '1.10'),
(375, 18, 'BG', '0.90'),
(376, 18, 'CZ', '0.90'),
(377, 18, 'CH', '1.00'),
(378, 18, 'DE', '0.90'),
(379, 18, 'DK', '0.95'),
(380, 18, 'EE', '0.90'),
(381, 18, 'ES', '1.00'),
(382, 18, 'FI', '1.10'),
(383, 18, 'GB', '1.10'),
(384, 18, 'GE', '1.25'),
(385, 18, 'GR', '1.12'),
(386, 18, 'HR', '1.10'),
(387, 18, 'HU', '0.90'),
(388, 18, 'FR', '0.95'),
(389, 18, 'IT', '0.90'),
(390, 18, 'IE', '1.30'),
(391, 18, 'IQ', '1.50'),
(392, 18, 'IR', '1.45'),
(393, 18, 'KG', '1.30'),
(394, 18, 'KZ', '1.30'),
(395, 18, 'LI', '1.00'),
(396, 18, 'LT', '0.90'),
(397, 18, 'LV', '0.90'),
(398, 18, 'LU', '1.00'),
(399, 18, 'ME', '1.10'),
(400, 18, 'MD', '0.90'),
(401, 18, 'MN', '1.40'),
(402, 18, 'NL', '0.90'),
(403, 18, 'NO', '1.05'),
(404, 18, 'MK', '1.20'),
(405, 18, 'PL', '0.90'),
(406, 18, 'PT', '1.05'),
(407, 18, 'RO', '0.90'),
(408, 18, 'RS', '1.10'),
(409, 18, 'RU', '0.70'),
(410, 18, 'SE', '1.10'),
(411, 18, 'SI', '0.90'),
(412, 18, 'SK', '0.90'),
(413, 18, 'TM', '1.40'),
(414, 18, 'TR', '1.02'),
(415, 18, 'UA', '0.70'),
(416, 18, 'UZ', '1.40'),
(417, 20, 'AT', '0.90'),
(418, 20, 'AL', '1.20'),
(419, 20, 'AM', '1.30'),
(420, 20, 'AF', '2.50'),
(421, 20, 'AZ', '1.10'),
(422, 20, 'BY', '0.60'),
(423, 20, 'BE', '0.90'),
(424, 20, 'BA', '1.10'),
(425, 20, 'CZ', '0.90'),
(426, 20, 'CH', '1.00'),
(427, 20, 'DE', '0.90'),
(428, 20, 'DK', '0.90'),
(429, 20, 'EE', '0.90'),
(430, 20, 'ES', '1.00'),
(431, 20, 'FI', '1.10'),
(432, 20, 'GB', '1.10'),
(433, 20, 'GE', '1.25'),
(434, 20, 'GR', '1.12'),
(435, 20, 'HR', '1.10'),
(436, 20, 'HU', '0.90'),
(437, 20, 'FR', '0.95'),
(438, 20, 'IT', '0.90'),
(439, 20, 'IE', '1.30'),
(440, 20, 'IQ', '1.50'),
(441, 20, 'IR', '1.45'),
(442, 20, 'KG', '1.30'),
(443, 20, 'KZ', '1.30'),
(444, 20, 'LI', '1.00'),
(445, 20, 'LT', '0.95'),
(446, 20, 'LV', '0.95'),
(447, 20, 'LU', '1.00'),
(448, 20, 'ME', '1.10'),
(449, 20, 'MD', '0.90'),
(450, 20, 'MN', '1.37'),
(451, 20, 'NL', '0.90'),
(452, 20, 'NO', '1.05'),
(453, 20, 'MK', '1.20'),
(454, 20, 'PL', '0.90'),
(455, 20, 'PT', '1.05'),
(456, 20, 'RO', '0.90'),
(457, 20, 'RS', '1.10'),
(458, 20, 'RU', '0.70'),
(459, 20, 'SE', '1.10'),
(460, 20, 'SI', '0.90'),
(461, 20, 'SK', '0.90'),
(462, 20, 'TM', '1.40'),
(463, 20, 'TR', '1.02'),
(464, 20, 'UA', '0.70'),
(465, 20, 'UZ', '1.40'),
(466, 21, 'AT', '0.90'),
(467, 21, 'AL', '1.20'),
(468, 21, 'AM', '1.30'),
(469, 21, 'AF', '2.50'),
(470, 21, 'AZ', '1.10'),
(471, 21, 'BY', '0.60'),
(472, 21, 'BE', '0.90'),
(473, 21, 'BA', '1.10'),
(474, 21, 'BG', '0.90'),
(475, 21, 'CH', '1.00'),
(476, 21, 'DE', '0.90'),
(477, 21, 'DK', '0.90'),
(478, 21, 'EE', '0.90'),
(479, 21, 'ES', '1.00'),
(480, 21, 'FI', '1.10'),
(481, 21, 'GB', '1.10'),
(482, 21, 'GE', '1.25'),
(483, 21, 'GR', '1.12'),
(484, 21, 'HR', '1.10'),
(485, 21, 'HU', '0.90'),
(486, 21, 'FR', '0.95'),
(487, 21, 'IT', '0.90'),
(488, 21, 'IE', '1.30'),
(489, 21, 'IQ', '1.50'),
(490, 21, 'IR', '1.45'),
(491, 21, 'KG', '1.30'),
(492, 21, 'KZ', '1.30'),
(493, 21, 'LI', '1.00'),
(494, 21, 'LT', '0.90'),
(495, 21, 'LV', '0.90'),
(496, 21, 'LU', '1.00'),
(497, 21, 'ME', '1.10'),
(498, 21, 'MD', '0.90'),
(499, 21, 'MN', '1.40'),
(500, 21, 'NL', '0.90'),
(501, 21, 'NO', '1.05'),
(502, 21, 'MK', '1.20'),
(503, 21, 'PL', '0.90'),
(504, 21, 'PT', '1.05'),
(505, 21, 'RO', '0.90'),
(506, 21, 'RS', '1.10'),
(507, 21, 'RU', '0.70'),
(508, 21, 'SE', '1.10'),
(509, 21, 'SI', '0.90'),
(510, 21, 'SK', '0.90'),
(511, 21, 'TM', '1.40'),
(512, 21, 'TR', '1.02'),
(513, 21, 'UA', '0.70'),
(514, 21, 'UZ', '1.40'),
(515, 24, 'AT', '0.90'),
(516, 24, 'AL', '1.20'),
(517, 24, 'AM', '1.30'),
(518, 24, 'AF', '1.50'),
(519, 24, 'AZ', '1.10'),
(520, 24, 'BY', '0.60'),
(521, 24, 'BE', '0.90'),
(522, 24, 'BA', '1.10'),
(523, 24, 'BG', '0.90'),
(524, 24, 'CZ', '0.90'),
(525, 24, 'CH', '1.00'),
(526, 24, 'DE', '0.90'),
(527, 24, 'EE', '0.90'),
(528, 24, 'ES', '1.00'),
(529, 24, 'FI', '1.10'),
(530, 24, 'GB', '1.10'),
(531, 24, 'GE', '1.25'),
(532, 24, 'GR', '1.12'),
(533, 24, 'HR', '1.10'),
(534, 24, 'HU', '0.90'),
(535, 24, 'FR', '0.95'),
(536, 24, 'IT', '0.90'),
(537, 24, 'IE', '1.30'),
(538, 24, 'IQ', '1.50'),
(539, 24, 'IR', '1.45'),
(540, 24, 'KG', '1.30'),
(541, 24, 'KZ', '1.30'),
(542, 24, 'LI', '1.00'),
(543, 24, 'LT', '0.90'),
(544, 24, 'LV', '0.90'),
(545, 24, 'LU', '1.00'),
(546, 24, 'ME', '1.10'),
(547, 24, 'MD', '0.90'),
(548, 24, 'MN', '1.40'),
(549, 24, 'NL', '0.90'),
(550, 24, 'NO', '1.05'),
(551, 24, 'MK', '1.20'),
(552, 24, 'PL', '0.90'),
(553, 24, 'PT', '1.05'),
(554, 24, 'RO', '0.90'),
(555, 24, 'RS', '1.10'),
(556, 24, 'RU', '0.70'),
(557, 24, 'SE', '1.10'),
(558, 24, 'SI', '0.90'),
(559, 24, 'SK', '0.90'),
(560, 24, 'TM', '1.40'),
(561, 24, 'TR', '1.02'),
(562, 24, 'UA', '0.70'),
(563, 24, 'UZ', '1.40'),
(564, 25, 'AT', '0.90'),
(565, 25, 'AL', '1.20'),
(566, 25, 'AM', '1.30'),
(567, 25, 'AF', '1.50'),
(568, 25, 'AZ', '1.10'),
(569, 25, 'BY', '0.60'),
(570, 25, 'BE', '0.90'),
(571, 25, 'BA', '1.10'),
(572, 25, 'BG', '0.90'),
(573, 25, 'CZ', '0.90'),
(574, 25, 'CH', '1.00'),
(575, 25, 'DE', '0.90'),
(576, 25, 'DK', '0.90'),
(577, 25, 'ES', '1.00'),
(578, 25, 'FI', '1.10'),
(579, 25, 'GB', '1.10'),
(580, 25, 'GE', '1.25'),
(581, 25, 'GR', '1.12'),
(582, 25, 'HR', '1.10'),
(583, 25, 'HU', '0.90'),
(584, 25, 'FR', '0.95'),
(585, 25, 'IT', '0.90'),
(586, 25, 'IE', '1.30'),
(587, 25, 'IQ', '1.50'),
(588, 25, 'IR', '1.45'),
(589, 25, 'KG', '1.30'),
(590, 25, 'KZ', '1.30'),
(591, 25, 'LI', '1.00'),
(592, 25, 'LT', '0.90'),
(593, 25, 'LV', '0.90'),
(594, 25, 'LU', '1.00'),
(595, 25, 'ME', '1.10'),
(596, 25, 'MD', '0.90'),
(597, 25, 'MN', '1.40'),
(598, 25, 'NL', '0.90'),
(599, 25, 'NO', '1.05'),
(600, 25, 'MK', '1.20'),
(601, 25, 'PL', '0.90'),
(602, 25, 'PT', '1.05'),
(603, 25, 'RO', '0.90'),
(604, 25, 'RS', '1.10'),
(605, 25, 'RU', '0.70'),
(606, 25, 'SE', '1.10'),
(607, 25, 'SI', '0.90'),
(608, 25, 'SK', '0.90'),
(609, 25, 'TM', '1.40'),
(610, 25, 'TR', '1.02'),
(611, 25, 'UA', '0.70'),
(612, 25, 'UZ', '1.40'),
(613, 26, 'AT', '0.90'),
(614, 26, 'AL', '1.20'),
(615, 26, 'AM', '1.30'),
(616, 26, 'AF', '1.50'),
(617, 26, 'AZ', '1.10'),
(618, 26, 'BY', '0.60'),
(619, 26, 'BE', '0.90'),
(620, 26, 'BA', '1.10'),
(621, 26, 'BG', '0.90'),
(622, 26, 'CZ', '0.90'),
(623, 26, 'CH', '1.00'),
(624, 26, 'DE', '0.90'),
(625, 26, 'DK', '0.90'),
(626, 26, 'EE', '0.90'),
(627, 26, 'FI', '1.10'),
(628, 26, 'GB', '1.10'),
(629, 26, 'GE', '1.25'),
(630, 26, 'GR', '1.12'),
(631, 26, 'HR', '1.10'),
(632, 26, 'HU', '0.90'),
(633, 26, 'FR', '0.95'),
(634, 26, 'IT', '0.90'),
(635, 26, 'IE', '1.30'),
(636, 26, 'IQ', '1.50'),
(637, 26, 'IR', '1.45'),
(638, 26, 'KG', '1.30'),
(639, 26, 'KZ', '1.30'),
(640, 26, 'LI', '1.00'),
(641, 26, 'LT', '0.90'),
(642, 26, 'LV', '0.90'),
(643, 26, 'LU', '1.00'),
(644, 26, 'ME', '1.10'),
(645, 26, 'MD', '0.90'),
(646, 26, 'MN', '1.40'),
(647, 26, 'NL', '0.90'),
(648, 26, 'NO', '1.05'),
(649, 26, 'MK', '1.20'),
(650, 26, 'PL', '0.90'),
(651, 26, 'PT', '1.05'),
(652, 26, 'RO', '0.90'),
(653, 26, 'RS', '1.10'),
(654, 26, 'RU', '0.80'),
(655, 26, 'SE', '1.10'),
(656, 26, 'SI', '0.90'),
(657, 26, 'SK', '0.90'),
(658, 26, 'TM', '1.40'),
(659, 26, 'TR', '1.02'),
(660, 26, 'UA', '0.80'),
(661, 26, 'UZ', '1.40'),
(662, 27, 'AT', '0.90'),
(663, 27, 'AL', '1.20'),
(664, 27, 'AM', '1.30'),
(665, 27, 'AF', '1.50'),
(666, 27, 'AZ', '1.10'),
(667, 27, 'BY', '0.60'),
(668, 27, 'BE', '0.90'),
(669, 27, 'BA', '1.10'),
(670, 27, 'BG', '0.90'),
(671, 27, 'CZ', '0.90'),
(672, 27, 'CH', '1.00'),
(673, 27, 'DE', '0.90'),
(674, 27, 'DK', '0.90'),
(675, 27, 'EE', '0.90'),
(676, 27, 'ES', '1.00'),
(677, 27, 'GB', '1.10'),
(678, 27, 'GE', '1.25'),
(679, 27, 'GR', '1.12'),
(680, 27, 'HR', '1.10'),
(681, 27, 'HU', '0.90'),
(682, 27, 'FR', '0.95'),
(683, 27, 'IT', '0.90'),
(684, 27, 'IE', '1.30'),
(685, 27, 'IQ', '1.50'),
(686, 27, 'IR', '1.45'),
(687, 27, 'KG', '1.30'),
(688, 27, 'KZ', '1.30'),
(689, 27, 'LI', '1.00'),
(690, 27, 'LT', '0.90'),
(691, 27, 'LV', '0.90'),
(692, 27, 'LU', '1.00'),
(693, 27, 'ME', '1.10'),
(694, 27, 'MD', '0.90'),
(695, 27, 'MN', '1.40'),
(696, 27, 'NL', '0.90'),
(697, 27, 'NO', '1.05'),
(698, 27, 'MK', '1.20'),
(699, 27, 'PL', '0.90'),
(700, 27, 'PT', '1.05'),
(701, 27, 'RO', '0.90'),
(702, 27, 'RS', '1.10'),
(703, 27, 'RU', '0.70'),
(704, 27, 'SE', '1.10'),
(705, 27, 'SI', '0.90'),
(706, 27, 'SK', '0.90'),
(707, 27, 'TM', '1.40'),
(708, 27, 'TR', '1.02'),
(709, 27, 'UA', '0.70'),
(710, 27, 'UZ', '1.40'),
(711, 33, 'AT', '0.90'),
(712, 33, 'AL', '1.20'),
(713, 33, 'AM', '1.30'),
(714, 33, 'AF', '1.50'),
(715, 33, 'AZ', '1.10'),
(716, 33, 'BY', '0.60'),
(717, 33, 'BE', '0.90'),
(718, 33, 'BA', '1.10'),
(719, 33, 'BG', '0.90'),
(720, 33, 'CZ', '0.90'),
(721, 33, 'CH', '1.00'),
(722, 33, 'DE', '0.90'),
(723, 33, 'DK', '0.90'),
(724, 33, 'EE', '0.90'),
(725, 33, 'ES', '1.00'),
(726, 33, 'FI', '1.10'),
(727, 33, 'GB', '1.10'),
(728, 33, 'GE', '1.25'),
(729, 33, 'GR', '1.12'),
(730, 33, 'HR', '1.10'),
(731, 33, 'HU', '0.90'),
(732, 33, 'IT', '0.90'),
(733, 33, 'IE', '1.30'),
(734, 33, 'IQ', '1.50'),
(735, 33, 'IR', '1.45'),
(736, 33, 'KG', '1.30'),
(737, 33, 'KZ', '1.30'),
(738, 33, 'LI', '1.00'),
(739, 33, 'LT', '0.90'),
(740, 33, 'LV', '0.90'),
(741, 33, 'LU', '1.00'),
(742, 33, 'ME', '1.10'),
(743, 33, 'MD', '0.90'),
(744, 33, 'MN', '1.40'),
(745, 33, 'NL', '0.90'),
(746, 33, 'NO', '1.05'),
(747, 33, 'MK', '1.20'),
(748, 33, 'PL', '0.90'),
(749, 33, 'PT', '1.05'),
(750, 33, 'RO', '0.90'),
(751, 33, 'RS', '1.10'),
(752, 33, 'RU', '0.70'),
(753, 33, 'SE', '1.10'),
(754, 33, 'SI', '0.90'),
(755, 33, 'SK', '0.90'),
(756, 33, 'TM', '1.40'),
(757, 33, 'TR', '1.02'),
(758, 33, 'UA', '0.70'),
(759, 33, 'UZ', '1.40'),
(760, 28, 'AT', '0.90'),
(761, 28, 'AL', '1.20'),
(762, 28, 'AM', '1.30'),
(763, 28, 'AF', '1.50'),
(764, 28, 'AZ', '1.10'),
(765, 28, 'BY', '0.60'),
(766, 28, 'BE', '0.90'),
(767, 28, 'BA', '1.10'),
(768, 28, 'BG', '0.90'),
(769, 28, 'CZ', '0.90'),
(770, 28, 'CH', '1.00'),
(771, 28, 'DE', '0.90'),
(772, 28, 'DK', '0.90'),
(773, 28, 'EE', '0.90'),
(774, 28, 'ES', '1.00'),
(775, 28, 'FI', '1.10'),
(776, 28, 'GE', '1.25'),
(777, 28, 'GR', '1.12'),
(778, 28, 'HR', '1.10'),
(779, 28, 'HU', '0.90'),
(780, 28, 'FR', '0.95'),
(781, 28, 'IT', '0.90'),
(782, 28, 'IE', '1.30'),
(783, 28, 'IQ', '1.50'),
(784, 28, 'IR', '1.45'),
(785, 28, 'KG', '1.30'),
(786, 28, 'KZ', '1.30'),
(787, 28, 'LI', '1.00'),
(788, 28, 'LT', '0.90'),
(789, 28, 'LV', '0.90'),
(790, 28, 'LU', '1.00'),
(791, 28, 'ME', '1.10'),
(792, 28, 'MD', '0.90'),
(793, 28, 'MN', '1.40'),
(794, 28, 'NL', '0.90'),
(795, 28, 'NO', '1.05'),
(796, 28, 'MK', '1.20'),
(797, 28, 'PL', '0.90'),
(798, 28, 'PT', '1.05'),
(799, 28, 'RO', '0.90'),
(800, 28, 'RS', '1.10'),
(801, 28, 'RU', '0.70'),
(802, 28, 'SE', '1.10'),
(803, 28, 'SI', '0.90'),
(804, 28, 'SK', '0.90'),
(805, 28, 'TM', '1.40'),
(806, 28, 'TR', '1.02'),
(807, 28, 'UA', '0.70'),
(808, 28, 'UZ', '1.40'),
(809, 32, 'AT', '0.90'),
(810, 32, 'AL', '1.20'),
(811, 32, 'AM', '1.30'),
(812, 32, 'AF', '1.50'),
(813, 32, 'AZ', '1.10'),
(814, 32, 'BY', '0.60'),
(815, 32, 'BE', '0.90'),
(816, 32, 'BA', '1.10'),
(817, 32, 'BG', '0.90'),
(818, 32, 'CZ', '0.90'),
(819, 32, 'CH', '1.00'),
(820, 32, 'DE', '0.90'),
(821, 32, 'DK', '0.90'),
(822, 32, 'EE', '0.90'),
(823, 32, 'ES', '1.00'),
(824, 32, 'FI', '1.10'),
(825, 32, 'GB', '1.10'),
(826, 32, 'GE', '1.25'),
(827, 32, 'GR', '1.12'),
(828, 32, 'HR', '1.10'),
(829, 32, 'FR', '0.95'),
(830, 32, 'IT', '0.90'),
(831, 32, 'IE', '1.30'),
(832, 32, 'IQ', '1.50'),
(833, 32, 'IR', '1.45'),
(834, 32, 'KG', '1.30'),
(835, 32, 'KZ', '1.30'),
(836, 32, 'LI', '1.00'),
(837, 32, 'LT', '0.90'),
(838, 32, 'LV', '0.90'),
(839, 32, 'LU', '1.00'),
(840, 32, 'ME', '1.10'),
(841, 32, 'MD', '0.90'),
(842, 32, 'MN', '1.40'),
(843, 32, 'NL', '0.90'),
(844, 32, 'NO', '1.05'),
(845, 32, 'MK', '1.20'),
(846, 32, 'PL', '0.90'),
(847, 32, 'PT', '1.05'),
(848, 32, 'RO', '0.90'),
(849, 32, 'RS', '1.10'),
(850, 32, 'RU', '0.70'),
(851, 32, 'SE', '1.10'),
(852, 32, 'SI', '0.90'),
(853, 32, 'SK', '0.90'),
(854, 32, 'TM', '1.40'),
(855, 32, 'TR', '1.02'),
(856, 32, 'UA', '0.70'),
(857, 32, 'UZ', '1.40'),
(858, 47, 'AT', '0.90'),
(859, 47, 'AL', '1.20'),
(860, 47, 'AM', '1.30'),
(861, 47, 'AF', '1.50'),
(862, 47, 'AZ', '1.10'),
(863, 47, 'BY', '0.60'),
(864, 47, 'BE', '0.90'),
(865, 47, 'BA', '1.10'),
(866, 47, 'BG', '0.90'),
(867, 47, 'CZ', '0.90'),
(868, 47, 'CH', '1.00'),
(869, 47, 'DE', '0.90'),
(870, 47, 'DK', '0.90'),
(871, 47, 'EE', '0.90'),
(872, 47, 'ES', '1.00'),
(873, 47, 'FI', '1.10'),
(874, 47, 'GB', '1.10'),
(875, 47, 'GE', '1.25'),
(876, 47, 'GR', '1.12'),
(877, 47, 'HR', '1.10'),
(878, 47, 'HU', '0.90'),
(879, 47, 'FR', '0.95'),
(880, 47, 'IT', '0.90'),
(881, 47, 'IE', '1.30'),
(882, 47, 'IQ', '1.50'),
(883, 47, 'IR', '1.45'),
(884, 47, 'KG', '1.30'),
(885, 47, 'KZ', '1.30'),
(886, 47, 'LI', '1.00'),
(887, 47, 'LT', '0.90'),
(888, 47, 'LV', '0.90'),
(889, 47, 'LU', '1.00'),
(890, 47, 'ME', '1.10'),
(891, 47, 'MD', '0.90'),
(892, 47, 'MN', '1.40'),
(893, 47, 'NO', '1.05'),
(894, 47, 'MK', '1.20'),
(895, 47, 'PL', '0.90'),
(896, 47, 'PT', '1.05'),
(897, 47, 'RO', '0.90'),
(898, 47, 'RS', '1.10'),
(899, 47, 'RU', '0.70'),
(900, 47, 'SE', '1.10'),
(901, 47, 'SI', '0.90'),
(902, 47, 'SK', '0.90'),
(903, 47, 'TM', '1.40'),
(904, 47, 'TR', '1.02'),
(905, 47, 'UA', '0.70'),
(906, 47, 'UZ', '1.40'),
(907, 50, 'AT', '0.90'),
(908, 50, 'AL', '1.20'),
(909, 50, 'AM', '1.30'),
(910, 50, 'AF', '1.50'),
(911, 50, 'AZ', '1.10'),
(912, 50, 'BY', '0.60'),
(913, 50, 'BE', '0.90'),
(914, 50, 'BA', '1.10'),
(915, 50, 'BG', '0.90'),
(916, 50, 'CZ', '0.90'),
(917, 50, 'CH', '1.00'),
(918, 50, 'DE', '0.90'),
(919, 50, 'DK', '0.90'),
(920, 50, 'EE', '0.90'),
(921, 50, 'ES', '1.00'),
(922, 50, 'FI', '1.10'),
(923, 50, 'GB', '1.10'),
(924, 50, 'GE', '1.25'),
(925, 50, 'GR', '1.12'),
(926, 50, 'HR', '1.10'),
(927, 50, 'HU', '0.90'),
(928, 50, 'FR', '0.95'),
(929, 50, 'IT', '0.90'),
(930, 50, 'IE', '1.30'),
(931, 50, 'IQ', '1.50'),
(932, 50, 'IR', '1.45'),
(933, 50, 'KG', '1.30'),
(934, 50, 'KZ', '1.30'),
(935, 50, 'LI', '1.00'),
(936, 50, 'LT', '0.90'),
(937, 50, 'LV', '0.90'),
(938, 50, 'LU', '1.00'),
(939, 50, 'ME', '1.10'),
(940, 50, 'MD', '0.90'),
(941, 50, 'MN', '1.40'),
(942, 50, 'NL', '0.90'),
(943, 50, 'NO', '1.05'),
(944, 50, 'MK', '1.20'),
(945, 50, 'PT', '1.05'),
(946, 50, 'RO', '0.90'),
(947, 50, 'RS', '1.10'),
(948, 50, 'RU', '0.70'),
(949, 50, 'SE', '1.10'),
(950, 50, 'SI', '0.90'),
(951, 50, 'SK', '0.90'),
(952, 50, 'TM', '1.40'),
(953, 50, 'TR', '1.02'),
(954, 50, 'UA', '0.70'),
(955, 50, 'UZ', '1.40'),
(956, 60, 'AT', '0.75'),
(957, 60, 'AL', '1.20'),
(958, 60, 'AM', '1.65'),
(959, 60, 'AF', '1.50'),
(960, 60, 'AZ', '1.12'),
(961, 60, 'BY', '0.90'),
(962, 60, 'BE', '0.75'),
(963, 60, 'BA', '0.85'),
(964, 60, 'BG', '0.85'),
(965, 60, 'CZ', '0.75'),
(966, 60, 'CH', '0.92'),
(967, 60, 'DE', '0.75'),
(968, 60, 'DK', '0.90'),
(969, 60, 'EE', '0.75'),
(970, 60, 'ES', '0.85'),
(971, 60, 'FI', '0.80'),
(972, 60, 'GB', '1.18'),
(973, 60, 'GE', '1.05'),
(974, 60, 'GR', '1.08'),
(975, 60, 'HR', '1.05'),
(976, 60, 'HU', '0.75'),
(977, 60, 'FR', '0.81'),
(978, 60, 'IT', '0.90'),
(979, 60, 'IE', '1.30'),
(980, 60, 'IQ', '1.70'),
(981, 60, 'IR', '1.60'),
(982, 60, 'KG', '1.50'),
(983, 60, 'KZ', '1.40'),
(984, 60, 'LI', '0.90'),
(985, 60, 'LT', '0.90'),
(986, 60, 'LV', '0.90'),
(987, 60, 'LU', '1.02'),
(988, 60, 'ME', '0.85'),
(989, 60, 'MD', '0.75'),
(990, 60, 'MN', '1.30'),
(991, 60, 'NL', '0.75'),
(992, 60, 'NO', '0.90'),
(993, 60, 'MK', '0.85'),
(994, 60, 'PL', '0.70'),
(995, 60, 'PT', '0.90'),
(996, 60, 'RO', '0.95'),
(997, 60, 'RS', '1.10'),
(998, 60, 'RU', '0.85'),
(999, 60, 'SE', '0.90'),
(1000, 60, 'SI', '0.83'),
(1001, 60, 'SK', '0.75'),
(1002, 60, 'TM', '1.40'),
(1003, 60, 'TR', '0.80'),
(1004, 60, 'UZ', '1.20'),
(1005, 51, 'AT', '1.08'),
(1006, 51, 'AL', '1.44'),
(1007, 51, 'AM', '1.56'),
(1008, 51, 'AF', '1.50'),
(1009, 51, 'AZ', '1.32'),
(1010, 51, 'BY', '0.72'),
(1011, 51, 'BE', '1.08'),
(1012, 51, 'BA', '1.32'),
(1013, 51, 'BG', '1.08'),
(1014, 51, 'CZ', '1.08'),
(1015, 51, 'CH', '1.20'),
(1016, 51, 'DE', '1.08'),
(1017, 51, 'DK', '1.08'),
(1018, 51, 'EE', '1.08'),
(1019, 51, 'ES', '1.08'),
(1020, 51, 'FI', '1.32'),
(1021, 51, 'GB', '1.32'),
(1022, 51, 'GE', '1.50'),
(1023, 51, 'GR', '1.15'),
(1024, 51, 'HR', '1.32'),
(1025, 51, 'HU', '1.08'),
(1026, 51, 'FR', '1.14'),
(1027, 51, 'IT', '1.08'),
(1028, 51, 'IE', '1.56'),
(1029, 51, 'IQ', '1.80'),
(1030, 51, 'IR', '1.74'),
(1031, 51, 'KG', '1.56'),
(1032, 51, 'KZ', '1.56'),
(1033, 51, 'LI', '1.20'),
(1034, 51, 'LT', '1.08'),
(1035, 51, 'LV', '1.08'),
(1036, 51, 'LU', '1.20'),
(1037, 51, 'ME', '1.32'),
(1038, 51, 'MD', '1.08'),
(1039, 51, 'MN', '1.68'),
(1040, 51, 'NL', '1.08'),
(1041, 51, 'NO', '1.26'),
(1042, 51, 'MK', '1.44'),
(1043, 51, 'PL', '1.08'),
(1044, 51, 'RO', '1.08'),
(1045, 51, 'RS', '1.32'),
(1046, 51, 'RU', '0.96'),
(1047, 51, 'SE', '1.32'),
(1048, 51, 'SI', '1.08'),
(1049, 51, 'SK', '1.08'),
(1050, 51, 'TM', '1.68'),
(1051, 51, 'TR', '1.23'),
(1052, 51, 'UA', '0.96'),
(1053, 51, 'UZ', '1.68'),
(1054, 52, 'AT', '1.08'),
(1055, 52, 'AL', '1.44'),
(1056, 52, 'AM', '1.56'),
(1057, 52, 'AF', '1.50'),
(1058, 52, 'AZ', '1.32'),
(1059, 52, 'BY', '0.72'),
(1060, 52, 'BE', '1.08'),
(1061, 52, 'BA', '1.32'),
(1062, 52, 'BG', '1.08'),
(1063, 52, 'CZ', '1.08'),
(1064, 52, 'CH', '1.20'),
(1065, 52, 'DE', '1.08'),
(1066, 52, 'DK', '1.08'),
(1067, 52, 'EE', '1.08'),
(1068, 52, 'ES', '1.08'),
(1069, 52, 'FI', '1.32'),
(1070, 52, 'GB', '1.32'),
(1071, 52, 'GE', '1.50'),
(1072, 52, 'GR', '1.12'),
(1073, 52, 'HR', '1.32'),
(1074, 52, 'HU', '1.08'),
(1075, 52, 'FR', '1.14'),
(1076, 52, 'IT', '1.08'),
(1077, 52, 'IE', '1.56'),
(1078, 52, 'IQ', '1.80'),
(1079, 52, 'IR', '1.74'),
(1080, 52, 'KG', '1.56'),
(1081, 52, 'KZ', '1.63'),
(1082, 52, 'LI', '1.20'),
(1083, 52, 'LT', '1.08'),
(1084, 52, 'LV', '1.08'),
(1085, 52, 'LU', '1.20'),
(1086, 52, 'ME', '1.32'),
(1087, 52, 'MD', '1.08'),
(1088, 52, 'MN', '1.68'),
(1089, 52, 'NL', '1.08'),
(1090, 52, 'NO', '1.26'),
(1091, 52, 'MK', '1.44'),
(1092, 52, 'PL', '1.08'),
(1093, 52, 'PT', '1.26'),
(1094, 52, 'RS', '1.32'),
(1095, 52, 'RU', '0.96'),
(1096, 52, 'SE', '1.32'),
(1097, 52, 'SI', '1.08'),
(1098, 52, 'SK', '1.08'),
(1099, 52, 'TM', '1.68'),
(1100, 52, 'TR', '1.23'),
(1101, 52, 'UA', '0.96'),
(1102, 52, 'UZ', '1.68'),
(1103, 53, 'AT', '1.08'),
(1104, 53, 'AL', '1.44'),
(1105, 53, 'AM', '1.56'),
(1106, 53, 'AF', '1.50'),
(1107, 53, 'AZ', '1.32'),
(1108, 53, 'BY', '0.72'),
(1109, 53, 'BE', '1.08'),
(1110, 53, 'BA', '1.32'),
(1111, 53, 'BG', '1.08'),
(1112, 53, 'CZ', '1.08'),
(1113, 53, 'CH', '1.20'),
(1114, 53, 'DE', '1.08'),
(1115, 53, 'DK', '1.08'),
(1116, 53, 'EE', '1.08'),
(1117, 53, 'ES', '1.08'),
(1118, 53, 'FI', '1.32'),
(1119, 53, 'GB', '1.32'),
(1120, 53, 'GE', '1.50'),
(1121, 53, 'GR', '1.12'),
(1122, 53, 'HR', '1.32'),
(1123, 53, 'HU', '1.08'),
(1124, 53, 'FR', '1.14'),
(1125, 53, 'IT', '1.08'),
(1126, 53, 'IE', '1.56'),
(1127, 53, 'IQ', '1.80'),
(1128, 53, 'IR', '1.74'),
(1129, 53, 'KG', '1.56'),
(1130, 53, 'KZ', '1.63'),
(1131, 53, 'LI', '1.20'),
(1132, 53, 'LT', '1.08'),
(1133, 53, 'LV', '1.08'),
(1134, 53, 'LU', '1.20'),
(1135, 53, 'ME', '1.32'),
(1136, 53, 'MD', '1.08'),
(1137, 53, 'MN', '1.68'),
(1138, 53, 'NL', '1.08'),
(1139, 53, 'NO', '1.26'),
(1140, 53, 'MK', '1.44'),
(1141, 53, 'PL', '1.08'),
(1142, 53, 'PT', '1.26'),
(1143, 53, 'RO', '1.32'),
(1144, 53, 'RU', '0.96'),
(1145, 53, 'SE', '1.32'),
(1146, 53, 'SI', '1.08'),
(1147, 53, 'SK', '1.08'),
(1148, 53, 'TM', '1.68'),
(1149, 53, 'TR', '1.23'),
(1150, 53, 'UA', '0.96'),
(1151, 53, 'UZ', '1.68'),
(1152, 17, 'AT', '0.75'),
(1153, 17, 'AL', '1.20'),
(1154, 17, 'AM', '1.65'),
(1155, 17, 'AF', '1.50'),
(1156, 17, 'AZ', '1.12'),
(1157, 17, 'BE', '0.75'),
(1158, 17, 'BA', '0.85'),
(1159, 17, 'BG', '0.85'),
(1160, 17, 'CZ', '0.75'),
(1161, 17, 'CH', '0.92'),
(1162, 17, 'DE', '0.75'),
(1163, 17, 'DK', '0.90'),
(1164, 17, 'EE', '0.75'),
(1165, 17, 'ES', '0.85'),
(1166, 17, 'FI', '0.80'),
(1167, 17, 'GB', '1.18'),
(1168, 17, 'GE', '1.05'),
(1169, 17, 'GR', '1.08'),
(1170, 17, 'HR', '1.05'),
(1171, 17, 'HU', '0.75'),
(1172, 17, 'FR', '0.81'),
(1173, 17, 'IT', '0.90'),
(1174, 17, 'IE', '1.30'),
(1175, 17, 'IQ', '1.70'),
(1176, 17, 'IR', '1.60'),
(1177, 17, 'KG', '1.50'),
(1178, 17, 'KZ', '1.40'),
(1179, 17, 'LI', '0.90'),
(1180, 17, 'LT', '0.90'),
(1181, 17, 'LV', '0.90'),
(1182, 17, 'LU', '1.02'),
(1183, 17, 'ME', '0.85'),
(1184, 17, 'MD', '0.75'),
(1185, 17, 'MN', '1.30'),
(1186, 17, 'NL', '0.75'),
(1187, 17, 'NO', '0.90'),
(1188, 17, 'MK', '0.85'),
(1189, 17, 'PL', '0.70'),
(1190, 17, 'PT', '0.90'),
(1191, 17, 'RO', '0.95'),
(1192, 17, 'RS', '0.85'),
(1193, 17, 'RU', '0.85'),
(1194, 17, 'SE', '0.90'),
(1195, 17, 'SI', '0.83'),
(1196, 17, 'SK', '0.75'),
(1197, 17, 'TM', '1.40'),
(1198, 17, 'TR', '0.80'),
(1199, 17, 'UA', '0.80'),
(1200, 17, 'UZ', '1.20'),
(1201, 55, 'AT', '1.08'),
(1202, 55, 'AL', '1.44'),
(1203, 55, 'AM', '1.56'),
(1204, 55, 'AF', '1.50'),
(1205, 55, 'AZ', '1.32'),
(1206, 55, 'BY', '0.72'),
(1207, 55, 'BE', '1.08'),
(1208, 55, 'BA', '1.32'),
(1209, 55, 'BG', '1.08'),
(1210, 55, 'CZ', '1.08'),
(1211, 55, 'CH', '1.20'),
(1212, 55, 'DE', '1.08'),
(1213, 55, 'DK', '1.08'),
(1214, 55, 'EE', '1.08'),
(1215, 55, 'ES', '1.08'),
(1216, 55, 'FI', '1.32'),
(1217, 55, 'GB', '1.32'),
(1218, 55, 'GE', '1.50'),
(1219, 55, 'GR', '1.15'),
(1220, 55, 'HR', '1.32'),
(1221, 55, 'HU', '1.08'),
(1222, 55, 'FR', '1.14'),
(1223, 55, 'IT', '1.08'),
(1224, 55, 'IE', '1.56'),
(1225, 55, 'IQ', '1.80'),
(1226, 55, 'IR', '1.74'),
(1227, 55, 'KG', '1.56'),
(1228, 55, 'KZ', '1.56'),
(1229, 55, 'LI', '1.20'),
(1230, 55, 'LT', '1.08'),
(1231, 55, 'LV', '1.08'),
(1232, 55, 'LU', '1.20'),
(1233, 55, 'ME', '1.32'),
(1234, 55, 'MD', '1.08'),
(1235, 55, 'MN', '1.68'),
(1236, 55, 'NL', '1.08'),
(1237, 55, 'NO', '1.26'),
(1238, 55, 'MK', '1.44'),
(1239, 55, 'PL', '1.08'),
(1240, 55, 'PT', '1.32'),
(1241, 55, 'RO', '1.08'),
(1242, 55, 'RS', '1.32'),
(1243, 55, 'RU', '0.96'),
(1244, 55, 'SI', '1.08'),
(1245, 55, 'SK', '1.08'),
(1246, 55, 'TM', '1.68'),
(1247, 55, 'TR', '1.23'),
(1248, 55, 'UA', '0.96'),
(1249, 55, 'UZ', '1.68'),
(1250, 56, 'AT', '0.90'),
(1251, 56, 'AL', '1.20'),
(1252, 56, 'AM', '1.30'),
(1253, 56, 'AF', '1.50'),
(1254, 56, 'AZ', '1.10'),
(1255, 56, 'BY', '0.60'),
(1256, 56, 'BE', '0.90'),
(1257, 56, 'BA', '1.10'),
(1258, 56, 'BG', '0.90'),
(1259, 56, 'CZ', '0.90'),
(1260, 56, 'CH', '1.02'),
(1261, 56, 'DE', '0.90'),
(1262, 56, 'DK', '0.90'),
(1263, 56, 'EE', '0.90'),
(1264, 56, 'ES', '1.02'),
(1265, 56, 'FI', '1.10'),
(1266, 56, 'GB', '1.10'),
(1267, 56, 'GE', '1.25'),
(1268, 56, 'GR', '1.12'),
(1269, 56, 'HR', '1.10'),
(1270, 56, 'HU', '0.90'),
(1271, 56, 'FR', '0.95'),
(1272, 56, 'IT', '0.90'),
(1273, 56, 'IE', '1.30'),
(1274, 56, 'IQ', '1.50'),
(1275, 56, 'IR', '1.45'),
(1276, 56, 'KG', '1.30'),
(1277, 56, 'KZ', '1.30'),
(1278, 56, 'LI', '1.02'),
(1279, 56, 'LT', '0.90'),
(1280, 56, 'LV', '0.90'),
(1281, 56, 'LU', '1.02'),
(1282, 56, 'ME', '1.10'),
(1283, 56, 'MD', '0.90'),
(1284, 56, 'MN', '1.40'),
(1285, 56, 'NL', '0.90'),
(1286, 56, 'NO', '1.05'),
(1287, 56, 'MK', '1.20'),
(1288, 56, 'PL', '0.90'),
(1289, 56, 'PT', '1.05'),
(1290, 56, 'RO', '0.90'),
(1291, 56, 'RS', '1.10'),
(1292, 56, 'RU', '0.70'),
(1293, 56, 'SE', '1.10'),
(1294, 56, 'SK', '0.90'),
(1295, 56, 'TM', '1.40'),
(1296, 56, 'TR', '1.02'),
(1297, 56, 'UA', '0.70'),
(1298, 56, 'UZ', '1.40'),
(1299, 57, 'AT', '0.90'),
(1300, 57, 'AL', '1.20'),
(1301, 57, 'AM', '1.30'),
(1302, 57, 'AF', '1.50'),
(1303, 57, 'AZ', '1.10'),
(1304, 57, 'BY', '0.60'),
(1305, 57, 'BE', '0.90'),
(1306, 57, 'BA', '1.10'),
(1307, 57, 'BG', '0.90'),
(1308, 57, 'CZ', '0.90'),
(1309, 57, 'CH', '1.02'),
(1310, 57, 'DE', '0.90'),
(1311, 57, 'DK', '0.90'),
(1312, 57, 'EE', '0.90'),
(1313, 57, 'ES', '1.02'),
(1314, 57, 'FI', '1.10'),
(1315, 57, 'GB', '1.10'),
(1316, 57, 'GE', '1.25'),
(1317, 57, 'GR', '1.12'),
(1318, 57, 'HR', '1.10'),
(1319, 57, 'HU', '0.90'),
(1320, 57, 'FR', '0.95'),
(1321, 57, 'IT', '0.90'),
(1322, 57, 'IE', '1.30'),
(1323, 57, 'IQ', '1.50'),
(1324, 57, 'IR', '1.45'),
(1325, 57, 'KG', '1.30'),
(1326, 57, 'KZ', '1.30'),
(1327, 57, 'LI', '1.02'),
(1328, 57, 'LT', '0.90'),
(1329, 57, 'LV', '0.90'),
(1330, 57, 'LU', '1.02'),
(1331, 57, 'ME', '1.10'),
(1332, 57, 'MD', '0.90'),
(1333, 57, 'MN', '1.40'),
(1334, 57, 'NL', '0.90'),
(1335, 57, 'NO', '1.05'),
(1336, 57, 'MK', '1.20'),
(1337, 57, 'PL', '0.90'),
(1338, 57, 'PT', '1.05'),
(1339, 57, 'RO', '0.90'),
(1340, 57, 'RS', '1.10'),
(1341, 57, 'RU', '0.70'),
(1342, 57, 'SE', '1.10'),
(1343, 57, 'SI', '0.90'),
(1344, 57, 'TM', '1.40'),
(1345, 57, 'TR', '1.02'),
(1346, 57, 'UA', '0.70'),
(1347, 57, 'UZ', '1.40'),
(1348, 58, 'AT', '0.60'),
(1349, 58, 'AL', '0.60'),
(1350, 58, 'AM', '0.60'),
(1351, 58, 'AF', '0.60'),
(1352, 58, 'AZ', '0.60'),
(1353, 58, 'BY', '0.60'),
(1354, 58, 'BE', '0.60'),
(1355, 58, 'BA', '0.60'),
(1356, 58, 'BG', '0.60'),
(1357, 58, 'CZ', '0.60'),
(1358, 58, 'CH', '0.60'),
(1359, 58, 'DE', '0.60'),
(1360, 58, 'DK', '0.60'),
(1361, 58, 'EE', '0.60'),
(1362, 58, 'ES', '0.60'),
(1363, 58, 'FI', '0.60'),
(1364, 58, 'GB', '0.60'),
(1365, 58, 'GE', '0.60'),
(1366, 58, 'GR', '0.60'),
(1367, 58, 'HR', '0.60'),
(1368, 58, 'HU', '0.60'),
(1369, 58, 'FR', '0.60'),
(1370, 58, 'IT', '0.60'),
(1371, 58, 'IE', '0.60'),
(1372, 58, 'IQ', '0.60'),
(1373, 58, 'IR', '0.60'),
(1374, 58, 'KG', '0.60'),
(1375, 58, 'KZ', '0.60'),
(1376, 58, 'LI', '0.60'),
(1377, 58, 'LT', '0.60'),
(1378, 58, 'LV', '0.60'),
(1379, 58, 'LU', '0.60'),
(1380, 58, 'ME', '0.60'),
(1381, 58, 'MD', '0.60'),
(1382, 58, 'MN', '0.60'),
(1383, 58, 'NL', '0.60'),
(1384, 58, 'NO', '0.60'),
(1385, 58, 'MK', '0.60'),
(1386, 58, 'PL', '0.60'),
(1387, 58, 'PT', '0.60'),
(1388, 58, 'RO', '0.60'),
(1389, 58, 'RS', '0.60'),
(1390, 58, 'RU', '0.60'),
(1391, 58, 'SE', '0.60'),
(1392, 58, 'SI', '0.60'),
(1393, 58, 'SK', '0.60'),
(1394, 58, 'TR', '0.60'),
(1395, 58, 'UA', '0.60'),
(1396, 58, 'UZ', '1.00'),
(1397, 61, 'AT', '0.60'),
(1398, 61, 'AL', '0.60'),
(1399, 61, 'AM', '0.60'),
(1400, 61, 'AF', '0.60'),
(1401, 61, 'AZ', '0.60'),
(1402, 61, 'BY', '0.60'),
(1403, 61, 'BE', '0.60'),
(1404, 61, 'BA', '0.60'),
(1405, 61, 'BG', '0.60'),
(1406, 61, 'CZ', '0.60'),
(1407, 61, 'CH', '0.60'),
(1408, 61, 'DE', '0.60'),
(1409, 61, 'DK', '0.60'),
(1410, 61, 'EE', '0.60'),
(1411, 61, 'ES', '0.60'),
(1412, 61, 'FI', '0.60'),
(1413, 61, 'GB', '0.60'),
(1414, 61, 'GE', '0.60'),
(1415, 61, 'GR', '0.60'),
(1416, 61, 'HR', '0.60'),
(1417, 61, 'HU', '0.60'),
(1418, 61, 'FR', '0.60'),
(1419, 61, 'IT', '0.60'),
(1420, 61, 'IE', '0.60'),
(1421, 61, 'IQ', '0.60'),
(1422, 61, 'IR', '0.60'),
(1423, 61, 'KG', '0.60'),
(1424, 61, 'KZ', '0.60'),
(1425, 61, 'LI', '0.60'),
(1426, 61, 'LT', '0.60'),
(1427, 61, 'LV', '0.60'),
(1428, 61, 'LU', '0.60'),
(1429, 61, 'ME', '0.60'),
(1430, 61, 'MD', '0.60'),
(1431, 61, 'MN', '0.60'),
(1432, 61, 'NL', '0.60'),
(1433, 61, 'NO', '0.60'),
(1434, 61, 'MK', '0.60'),
(1435, 61, 'PL', '0.60'),
(1436, 61, 'PT', '0.60'),
(1437, 61, 'RO', '0.60'),
(1438, 61, 'RS', '0.60'),
(1439, 61, 'RU', '0.60'),
(1440, 61, 'SE', '0.60'),
(1441, 61, 'SI', '0.60'),
(1442, 61, 'SK', '0.60'),
(1443, 61, 'TM', '0.60'),
(1444, 61, 'TR', '0.60'),
(1445, 61, 'UA', '0.60'),
(1446, 59, 'AT', '0.90'),
(1447, 59, 'AL', '1.20'),
(1448, 59, 'AM', '1.30'),
(1449, 59, 'AF', '1.50'),
(1450, 59, 'AZ', '1.10'),
(1451, 59, 'BY', '0.60'),
(1452, 59, 'BE', '0.90'),
(1453, 59, 'BA', '1.10'),
(1454, 59, 'BG', '0.90'),
(1455, 59, 'CZ', '0.90'),
(1456, 59, 'CH', '1.02'),
(1457, 59, 'DE', '0.90'),
(1458, 59, 'DK', '0.90'),
(1459, 59, 'EE', '0.90'),
(1460, 59, 'ES', '1.02'),
(1461, 59, 'FI', '1.10'),
(1462, 59, 'GB', '1.10'),
(1463, 59, 'GE', '0.90'),
(1464, 59, 'GR', '1.12'),
(1465, 59, 'HR', '1.10'),
(1466, 59, 'HU', '0.90'),
(1467, 59, 'FR', '0.95'),
(1468, 59, 'IT', '0.90'),
(1469, 59, 'IE', '1.30'),
(1470, 59, 'IQ', '1.50'),
(1471, 59, 'IR', '1.45'),
(1472, 59, 'KG', '1.30'),
(1473, 59, 'KZ', '1.30'),
(1474, 59, 'LI', '1.02'),
(1475, 59, 'LT', '0.90'),
(1476, 59, 'LV', '0.90'),
(1477, 59, 'LU', '1.02'),
(1478, 59, 'ME', '1.10'),
(1479, 59, 'MD', '0.90'),
(1480, 59, 'MN', '1.40'),
(1481, 59, 'NL', '0.90'),
(1482, 59, 'NO', '1.05'),
(1483, 59, 'MK', '1.20'),
(1484, 59, 'PL', '0.90'),
(1485, 59, 'PT', '1.05'),
(1486, 59, 'RO', '0.90'),
(1487, 59, 'RS', '1.10'),
(1488, 59, 'RU', '1.38'),
(1489, 59, 'SE', '1.10'),
(1490, 59, 'SI', '0.90'),
(1491, 59, 'SK', '0.90'),
(1492, 59, 'TM', '1.40'),
(1493, 59, 'UA', '0.90'),
(1494, 59, 'UZ', '1.40'),
(1495, 62, 'TJ', '0.60'),
(1496, 60, 'TJ', '1.20'),
(1497, 59, 'TJ', '1.20'),
(1498, 53, 'TJ', '1.20'),
(1499, 62, 'AT', '0.60'),
(1500, 62, 'AL', '0.60'),
(1501, 62, 'AM', '0.60'),
(1502, 62, 'AF', '0.60'),
(1503, 62, 'AZ', '0.60'),
(1504, 62, 'BY', '0.60'),
(1505, 62, 'BE', '0.60'),
(1506, 62, 'BA', '0.60'),
(1507, 62, 'BG', '0.60'),
(1508, 62, 'CZ', '0.60'),
(1509, 62, 'CH', '0.60'),
(1510, 62, 'DE', '0.60'),
(1511, 62, 'DK', '0.60'),
(1512, 62, 'EE', '0.60'),
(1513, 62, 'ES', '0.60'),
(1514, 62, 'FI', '0.60'),
(1515, 62, 'GB', '0.60'),
(1516, 62, 'GE', '0.60'),
(1517, 62, 'GR', '0.60'),
(1518, 62, 'HR', '0.60'),
(1519, 62, 'HU', '0.60'),
(1520, 62, 'FR', '0.60'),
(1521, 62, 'IT', '0.60'),
(1522, 62, 'IE', '0.60'),
(1523, 62, 'IQ', '0.60'),
(1524, 62, 'IR', '0.60'),
(1525, 62, 'KG', '0.60'),
(1526, 62, 'KZ', '0.60'),
(1527, 62, 'LI', '0.60'),
(1528, 62, 'LT', '0.60'),
(1529, 62, 'LV', '0.60'),
(1530, 62, 'LU', '0.60'),
(1531, 62, 'ME', '0.60'),
(1532, 62, 'MD', '0.60'),
(1533, 62, 'MN', '0.60'),
(1534, 62, 'NL', '0.60'),
(1535, 62, 'NO', '0.60'),
(1536, 62, 'MK', '0.60'),
(1537, 62, 'PL', '0.60'),
(1538, 62, 'PT', '0.60'),
(1539, 62, 'RO', '0.60'),
(1540, 62, 'RS', '0.60'),
(1541, 62, 'RU', '0.60'),
(1542, 62, 'SE', '0.60'),
(1543, 62, 'SI', '0.60'),
(1544, 62, 'SK', '0.60'),
(1545, 62, 'TM', '0.60'),
(1546, 62, 'TR', '0.60'),
(1547, 62, 'UA', '0.60'),
(1548, 62, 'UZ', '0.60'),
(1549, 48, 'AT', '0.90'),
(1550, 48, 'AL', '1.20'),
(1551, 48, 'AM', '1.30'),
(1552, 48, 'AF', '1.50'),
(1553, 48, 'AZ', '1.10'),
(1554, 48, 'BY', '0.60'),
(1555, 48, 'BE', '0.90'),
(1556, 48, 'BA', '1.10'),
(1557, 48, 'BG', '0.90'),
(1558, 48, 'CZ', '0.90'),
(1559, 48, 'CH', '1.02'),
(1560, 48, 'DE', '0.90'),
(1561, 48, 'DK', '0.90'),
(1562, 48, 'EE', '0.90'),
(1563, 48, 'ES', '1.02'),
(1564, 48, 'FI', '1.10'),
(1565, 48, 'GB', '1.10'),
(1566, 48, 'GE', '1.25'),
(1567, 48, 'GR', '1.12'),
(1568, 48, 'HR', '1.10'),
(1569, 48, 'HU', '0.90'),
(1570, 48, 'FR', '0.95'),
(1571, 48, 'IT', '0.90'),
(1572, 48, 'IE', '1.30'),
(1573, 48, 'IQ', '1.50'),
(1574, 48, 'IR', '1.45'),
(1575, 48, 'KG', '1.30'),
(1576, 48, 'KZ', '1.30'),
(1577, 48, 'LI', '1.02'),
(1578, 48, 'LT', '0.90'),
(1579, 48, 'LV', '0.90'),
(1580, 48, 'LU', '1.02'),
(1581, 48, 'ME', '1.10'),
(1582, 48, 'MD', '0.90'),
(1583, 48, 'MN', '1.40'),
(1584, 48, 'NL', '0.90'),
(1585, 48, 'MK', '1.20'),
(1586, 48, 'PL', '0.90'),
(1587, 48, 'PT', '1.05'),
(1588, 48, 'RO', '0.90'),
(1589, 48, 'RS', '1.10'),
(1590, 48, 'RU', '0.70'),
(1591, 48, 'SE', '1.10'),
(1592, 48, 'SI', '0.90'),
(1593, 48, 'SK', '0.90'),
(1594, 48, 'TM', '1.40'),
(1595, 48, 'TR', '1.02'),
(1596, 48, 'UA', '0.70'),
(1597, 48, 'UZ', '1.40'),
(1598, 48, 'TJ', '1.20'),
(1599, 23, 'TJ', '1.20'),
(1600, 46, 'AT', '0.60'),
(1601, 46, 'AL', '0.60'),
(1602, 46, 'AM', '0.60'),
(1603, 46, 'AF', '1.50'),
(1604, 46, 'AZ', '0.60'),
(1605, 46, 'BY', '0.60'),
(1606, 46, 'BE', '0.60'),
(1607, 46, 'BA', '0.60'),
(1608, 46, 'BG', '0.60'),
(1609, 46, 'CZ', '0.60'),
(1610, 46, 'CH', '0.60'),
(1611, 46, 'DE', '0.60'),
(1612, 46, 'DK', '0.60'),
(1613, 46, 'EE', '0.60'),
(1614, 46, 'ES', '0.60'),
(1615, 46, 'FI', '0.60'),
(1616, 46, 'GB', '0.60'),
(1617, 46, 'GE', '0.60'),
(1618, 46, 'GR', '0.60'),
(1619, 46, 'HR', '0.60'),
(1620, 46, 'HU', '0.60'),
(1621, 46, 'FR', '0.60'),
(1622, 46, 'IT', '0.60'),
(1623, 46, 'IE', '0.60'),
(1624, 46, 'IQ', '0.60'),
(1625, 46, 'IR', '0.60'),
(1626, 46, 'KG', '0.60'),
(1627, 46, 'KZ', '0.60'),
(1628, 46, 'LI', '0.60'),
(1629, 46, 'LT', '0.60'),
(1630, 46, 'LV', '0.60'),
(1631, 46, 'LU', '0.60'),
(1632, 46, 'ME', '0.60'),
(1633, 46, 'MD', '0.60'),
(1634, 46, 'NL', '0.60'),
(1635, 46, 'NO', '0.60'),
(1636, 46, 'MK', '0.60'),
(1637, 46, 'PL', '0.60'),
(1638, 46, 'PT', '0.60'),
(1639, 46, 'RO', '0.60'),
(1640, 46, 'RS', '0.60'),
(1641, 46, 'RU', '0.60'),
(1642, 46, 'SE', '0.60'),
(1643, 46, 'SI', '0.60'),
(1644, 46, 'SK', '0.60'),
(1645, 46, 'TM', '0.60'),
(1646, 46, 'TR', '0.60'),
(1647, 46, 'UA', '0.60'),
(1648, 46, 'UZ', '0.60'),
(1649, 46, 'TJ', '0.60'),
(1650, 49, 'AT', '1.08'),
(1651, 49, 'AL', '1.44'),
(1652, 49, 'AM', '1.56'),
(1653, 49, 'AF', '1.50'),
(1654, 49, 'AZ', '1.32'),
(1655, 49, 'BY', '0.72'),
(1656, 49, 'BE', '1.08'),
(1657, 49, 'BA', '1.32'),
(1658, 49, 'BG', '1.08'),
(1659, 49, 'CZ', '1.08'),
(1660, 49, 'CH', '1.20'),
(1661, 49, 'DE', '1.08'),
(1662, 49, 'DK', '1.08'),
(1663, 49, 'EE', '1.08'),
(1664, 49, 'ES', '1.08'),
(1665, 49, 'FI', '1.32'),
(1666, 49, 'GB', '1.32'),
(1667, 49, 'GE', '1.50'),
(1668, 49, 'GR', '1.12'),
(1669, 49, 'HR', '1.32'),
(1670, 49, 'HU', '1.08'),
(1671, 49, 'FR', '1.14'),
(1672, 49, 'IT', '1.08'),
(1673, 49, 'IE', '1.56'),
(1674, 49, 'IQ', '1.80'),
(1675, 49, 'IR', '1.74'),
(1676, 49, 'KG', '1.56'),
(1677, 49, 'KZ', '1.63'),
(1678, 49, 'LI', '1.20'),
(1679, 49, 'LT', '1.08'),
(1680, 49, 'LV', '1.08'),
(1681, 49, 'LU', '1.20'),
(1682, 49, 'ME', '1.32'),
(1683, 49, 'MD', '1.08'),
(1684, 49, 'MN', '1.68'),
(1685, 49, 'NL', '1.08'),
(1686, 49, 'NO', '1.26'),
(1687, 49, 'PL', '1.08'),
(1688, 49, 'PT', '1.26'),
(1689, 49, 'RO', '1.32'),
(1690, 49, 'RS', '1.32'),
(1691, 49, 'RU', '0.96'),
(1692, 49, 'SE', '1.32'),
(1693, 49, 'SI', '1.08'),
(1694, 49, 'SK', '1.08'),
(1695, 49, 'TM', '1.68'),
(1696, 49, 'TR', '1.23'),
(1697, 49, 'UA', '0.96'),
(1698, 49, 'UZ', '1.68'),
(1699, 49, 'TJ', '1.20'),
(1700, 52, 'TJ', '1.20'),
(1701, 44, 'AT', '1.08'),
(1702, 44, 'AL', '1.44'),
(1703, 44, 'AM', '1.56'),
(1704, 44, 'AF', '1.50'),
(1705, 44, 'AZ', '1.32'),
(1706, 44, 'BY', '0.72'),
(1707, 44, 'BE', '1.08'),
(1708, 44, 'BA', '1.32'),
(1709, 44, 'BG', '1.08'),
(1710, 44, 'CZ', '1.08'),
(1711, 44, 'CH', '1.20'),
(1712, 44, 'DE', '1.08'),
(1713, 44, 'DK', '1.08'),
(1714, 44, 'EE', '1.08'),
(1715, 44, 'ES', '1.08'),
(1716, 44, 'FI', '1.32'),
(1717, 44, 'GB', '1.32'),
(1718, 44, 'GE', '1.50'),
(1719, 44, 'GR', '1.12'),
(1720, 44, 'HR', '1.32'),
(1721, 44, 'HU', '1.08'),
(1722, 44, 'FR', '1.14'),
(1723, 44, 'IT', '1.08'),
(1724, 44, 'IE', '1.56'),
(1725, 44, 'IQ', '1.80'),
(1726, 44, 'IR', '1.74'),
(1727, 44, 'KG', '1.56'),
(1728, 44, 'KZ', '1.63'),
(1729, 44, 'LI', '1.20'),
(1730, 44, 'LT', '1.08'),
(1731, 44, 'LV', '1.08'),
(1732, 44, 'LU', '1.20'),
(1733, 44, 'MD', '1.08'),
(1734, 44, 'MN', '1.68'),
(1735, 44, 'NL', '1.08'),
(1736, 44, 'NO', '1.26'),
(1737, 44, 'MK', '1.32'),
(1738, 44, 'PL', '1.08'),
(1739, 44, 'PT', '1.26'),
(1740, 44, 'RO', '1.32'),
(1741, 44, 'RS', '1.32'),
(1742, 44, 'RU', '0.96'),
(1743, 44, 'SE', '1.32'),
(1744, 44, 'SI', '1.08'),
(1745, 44, 'SK', '1.08'),
(1746, 44, 'TM', '1.68'),
(1747, 44, 'TR', '1.23'),
(1748, 44, 'UA', '0.96'),
(1749, 44, 'UZ', '1.68'),
(1750, 44, 'TJ', '1.20'),
(1751, 45, 'AT', '0.75'),
(1752, 45, 'AL', '1.20'),
(1753, 45, 'AM', '1.30'),
(1754, 45, 'AF', '1.50'),
(1755, 45, 'AZ', '1.10'),
(1756, 45, 'BY', '0.90'),
(1757, 45, 'BE', '0.90'),
(1758, 45, 'BA', '1.10'),
(1759, 45, 'BG', '0.90'),
(1760, 45, 'CZ', '0.75'),
(1761, 45, 'CH', '0.92'),
(1762, 45, 'DE', '0.75'),
(1763, 45, 'DK', '0.90'),
(1764, 45, 'EE', '0.75'),
(1765, 45, 'ES', '0.85'),
(1766, 45, 'FI', '0.80'),
(1767, 45, 'GB', '1.18'),
(1768, 45, 'GE', '1.05'),
(1769, 45, 'GR', '1.08'),
(1770, 45, 'HR', '1.05'),
(1771, 45, 'HU', '0.75'),
(1772, 45, 'FR', '0.81'),
(1773, 45, 'IT', '0.85'),
(1774, 45, 'IE', '1.30'),
(1775, 45, 'IQ', '1.70'),
(1776, 45, 'IR', '1.60'),
(1777, 45, 'KG', '1.50'),
(1778, 45, 'KZ', '1.40'),
(1779, 45, 'LI', '0.90'),
(1780, 45, 'LT', '0.90'),
(1781, 45, 'LV', '0.90'),
(1782, 45, 'LU', '1.02'),
(1783, 45, 'ME', '0.85'),
(1784, 45, 'MN', '1.30'),
(1785, 45, 'NL', '0.75'),
(1786, 45, 'NO', '0.90'),
(1787, 45, 'MK', '0.85'),
(1788, 45, 'PL', '0.70'),
(1789, 45, 'PT', '0.90'),
(1790, 45, 'RO', '0.80'),
(1791, 45, 'RS', '0.85'),
(1792, 45, 'RU', '0.85'),
(1793, 45, 'SE', '0.90'),
(1794, 45, 'SI', '0.83'),
(1795, 45, 'SK', '0.75'),
(1796, 45, 'TM', '1.40'),
(1797, 45, 'TR', '0.80'),
(1798, 45, 'UA', '0.45'),
(1799, 45, 'UZ', '1.20'),
(1800, 45, 'TJ', '1.20'),
(1801, 61, 'TJ', '0.60'),
(1802, 39, 'TJ', '0.55'),
(1803, 43, 'AT', '0.90'),
(1804, 43, 'AL', '1.20'),
(1805, 43, 'AM', '1.30'),
(1806, 43, 'AF', '1.50'),
(1807, 43, 'AZ', '1.10'),
(1808, 43, 'BY', '0.60'),
(1809, 43, 'BE', '0.90'),
(1810, 43, 'BA', '1.10'),
(1811, 43, 'BG', '0.90'),
(1812, 43, 'CZ', '0.90'),
(1813, 43, 'CH', '1.02'),
(1814, 43, 'DE', '0.90'),
(1815, 43, 'DK', '0.90'),
(1816, 43, 'EE', '0.90'),
(1817, 43, 'ES', '1.02'),
(1818, 43, 'FI', '1.10'),
(1819, 43, 'GB', '1.10'),
(1820, 43, 'GE', '1.25'),
(1821, 43, 'GR', '1.12'),
(1822, 43, 'HR', '1.10'),
(1823, 43, 'HU', '0.90'),
(1824, 43, 'FR', '0.95'),
(1825, 43, 'IT', '0.90'),
(1826, 43, 'IE', '1.30'),
(1827, 43, 'IQ', '1.50'),
(1828, 43, 'IR', '1.45'),
(1829, 43, 'KG', '1.30'),
(1830, 43, 'KZ', '1.30'),
(1831, 43, 'LI', '1.02'),
(1832, 43, 'LT', '0.90'),
(1833, 43, 'LV', '0.90'),
(1834, 43, 'ME', '1.10'),
(1835, 43, 'MD', '0.90'),
(1836, 43, 'MN', '1.40'),
(1837, 43, 'NL', '0.90'),
(1838, 43, 'NO', '1.05'),
(1839, 43, 'MK', '1.20'),
(1840, 43, 'PL', '0.90'),
(1841, 43, 'PT', '1.05'),
(1842, 43, 'RO', '0.90'),
(1843, 43, 'RS', '1.10'),
(1844, 43, 'RU', '0.70'),
(1845, 43, 'SE', '1.10'),
(1846, 43, 'SI', '0.90'),
(1847, 43, 'SK', '0.90'),
(1848, 43, 'TM', '1.40'),
(1849, 43, 'TR', '1.02'),
(1850, 43, 'UA', '0.70'),
(1851, 43, 'UZ', '1.40'),
(1852, 43, 'TJ', '1.20'),
(1853, 40, 'AT', '0.90'),
(1854, 40, 'AL', '1.20'),
(1855, 40, 'AM', '1.30'),
(1856, 40, 'AF', '1.50'),
(1857, 40, 'AZ', '1.10'),
(1858, 40, 'BY', '0.60'),
(1859, 40, 'BE', '0.90'),
(1860, 40, 'BA', '1.10'),
(1861, 40, 'BG', '0.90'),
(1862, 40, 'CZ', '0.90'),
(1863, 40, 'CH', '1.02'),
(1864, 40, 'DE', '0.90'),
(1865, 40, 'DK', '0.90'),
(1866, 40, 'EE', '0.90'),
(1867, 40, 'ES', '1.02'),
(1868, 40, 'FI', '1.10'),
(1869, 40, 'GB', '1.10'),
(1870, 40, 'GE', '1.25'),
(1871, 40, 'GR', '1.12'),
(1872, 40, 'HR', '1.10'),
(1873, 40, 'HU', '0.90'),
(1874, 40, 'FR', '0.95'),
(1875, 40, 'IT', '0.90'),
(1876, 40, 'IE', '1.30'),
(1877, 40, 'IQ', '1.50'),
(1878, 40, 'IR', '1.45'),
(1879, 40, 'KG', '1.30'),
(1880, 40, 'KZ', '1.30'),
(1881, 40, 'LT', '0.90'),
(1882, 40, 'LV', '0.90'),
(1883, 40, 'LU', '1.02'),
(1884, 40, 'ME', '1.10'),
(1885, 40, 'MD', '0.90'),
(1886, 40, 'MN', '1.40'),
(1887, 40, 'NL', '0.90'),
(1888, 40, 'NO', '1.05'),
(1889, 40, 'MK', '1.20'),
(1890, 40, 'PL', '0.90'),
(1891, 40, 'PT', '1.05'),
(1892, 40, 'RO', '0.90'),
(1893, 40, 'RS', '1.10'),
(1894, 40, 'RU', '0.70'),
(1895, 40, 'SE', '1.10'),
(1896, 40, 'SI', '0.90'),
(1897, 40, 'SK', '0.90'),
(1898, 40, 'TM', '1.40'),
(1899, 40, 'TR', '1.02'),
(1900, 40, 'UA', '0.70'),
(1901, 40, 'UZ', '1.40'),
(1902, 40, 'TJ', '1.20'),
(1903, 38, 'AT', '0.60'),
(1904, 38, 'AL', '0.60'),
(1905, 38, 'AM', '0.60'),
(1906, 38, 'AF', '1.50'),
(1907, 38, 'AZ', '0.60'),
(1908, 38, 'BY', '0.60'),
(1909, 38, 'BE', '0.60'),
(1910, 38, 'BA', '0.60'),
(1911, 38, 'BG', '0.60'),
(1912, 38, 'CZ', '0.60'),
(1913, 38, 'CH', '0.60'),
(1914, 38, 'DE', '0.60'),
(1915, 38, 'DK', '0.60'),
(1916, 38, 'EE', '0.60'),
(1917, 38, 'ES', '0.60'),
(1918, 38, 'FI', '0.60'),
(1919, 38, 'GB', '0.60'),
(1920, 38, 'GE', '0.60'),
(1921, 38, 'GR', '0.60'),
(1922, 38, 'HR', '0.60'),
(1923, 38, 'HU', '0.60'),
(1924, 38, 'FR', '0.60'),
(1925, 38, 'IT', '0.60'),
(1926, 38, 'IE', '0.60'),
(1927, 38, 'IQ', '0.60'),
(1928, 38, 'IR', '0.60'),
(1929, 38, 'KZ', '0.60'),
(1930, 38, 'LI', '0.60'),
(1931, 38, 'LT', '0.60'),
(1932, 38, 'LV', '0.60'),
(1933, 38, 'LU', '0.60'),
(1934, 38, 'ME', '0.60'),
(1935, 38, 'MD', '0.60'),
(1936, 38, 'MN', '0.60'),
(1937, 38, 'NL', '0.60'),
(1938, 38, 'NO', '0.60'),
(1939, 38, 'MK', '0.60'),
(1940, 38, 'PL', '0.60'),
(1941, 38, 'PT', '0.60'),
(1942, 38, 'RO', '0.60'),
(1943, 38, 'RS', '0.60'),
(1944, 38, 'RU', '0.60'),
(1945, 38, 'SE', '0.60'),
(1946, 38, 'SI', '0.60'),
(1947, 38, 'SK', '0.60'),
(1948, 38, 'TM', '0.60'),
(1949, 38, 'TR', '0.60'),
(1950, 38, 'UA', '0.60'),
(1951, 38, 'UZ', '0.60'),
(1952, 38, 'TJ', '0.60'),
(1953, 31, 'AT', '1.08'),
(1954, 31, 'AL', '1.44'),
(1955, 31, 'AM', '1.56'),
(1956, 31, 'AF', '1.50'),
(1957, 31, 'AZ', '1.32'),
(1958, 31, 'BY', '0.72'),
(1959, 31, 'BE', '1.08'),
(1960, 31, 'BA', '1.32'),
(1961, 31, 'BG', '1.08'),
(1962, 31, 'CZ', '1.08'),
(1963, 31, 'CH', '1.20'),
(1964, 31, 'DE', '1.08'),
(1965, 31, 'DK', '1.08'),
(1966, 31, 'EE', '1.08'),
(1967, 31, 'ES', '1.08'),
(1968, 31, 'FI', '1.32'),
(1969, 31, 'GB', '1.32'),
(1970, 31, 'GE', '1.50'),
(1971, 31, 'GR', '1.35'),
(1972, 31, 'HU', '1.08'),
(1973, 31, 'FR', '1.14'),
(1974, 31, 'IT', '1.08'),
(1975, 31, 'IE', '1.56'),
(1976, 31, 'IQ', '1.80'),
(1977, 31, 'IR', '1.74'),
(1978, 31, 'KG', '1.56'),
(1979, 31, 'KZ', '1.63'),
(1980, 31, 'LI', '1.20'),
(1981, 31, 'LT', '1.08'),
(1982, 31, 'LV', '1.08'),
(1983, 31, 'LU', '1.20'),
(1984, 31, 'ME', '1.32'),
(1985, 31, 'MD', '1.08'),
(1986, 31, 'MN', '1.68'),
(1987, 31, 'NL', '1.08'),
(1988, 31, 'NO', '1.26'),
(1989, 31, 'MK', '1.44'),
(1990, 31, 'PL', '1.08'),
(1991, 31, 'PT', '1.26'),
(1992, 31, 'RO', '1.32'),
(1993, 31, 'RS', '1.32'),
(1994, 31, 'RU', '0.96'),
(1995, 31, 'SE', '1.32'),
(1996, 31, 'SI', '1.08'),
(1997, 31, 'SK', '1.08'),
(1998, 31, 'TM', '1.68'),
(1999, 31, 'TR', '1.23'),
(2000, 31, 'UA', '0.96'),
(2001, 31, 'UZ', '1.68'),
(2002, 31, 'TJ', '1.20'),
(2003, 30, 'AT', '1.08'),
(2004, 30, 'AL', '1.44'),
(2005, 30, 'AM', '1.56'),
(2006, 30, 'AF', '1.50'),
(2007, 30, 'AZ', '1.32'),
(2008, 30, 'BY', '0.72'),
(2009, 30, 'BE', '1.08'),
(2010, 30, 'BA', '1.32'),
(2011, 30, 'BG', '1.08'),
(2012, 30, 'CZ', '1.08'),
(2013, 30, 'CH', '1.20'),
(2014, 30, 'DE', '1.08'),
(2015, 30, 'DK', '1.08'),
(2016, 30, 'EE', '1.08'),
(2017, 30, 'ES', '1.08'),
(2018, 30, 'FI', '1.32'),
(2019, 30, 'GB', '1.32'),
(2020, 30, 'GE', '1.50'),
(2021, 30, 'HR', '1.32'),
(2022, 30, 'HU', '1.08'),
(2023, 30, 'FR', '1.14'),
(2024, 30, 'IT', '1.08'),
(2025, 30, 'IE', '1.56'),
(2026, 30, 'IQ', '1.80'),
(2027, 30, 'IR', '1.74'),
(2028, 30, 'KG', '1.56'),
(2029, 30, 'KZ', '1.63'),
(2030, 30, 'LI', '1.20'),
(2031, 30, 'LT', '1.08'),
(2032, 30, 'LV', '1.08'),
(2033, 30, 'LU', '1.20'),
(2034, 30, 'ME', '1.32'),
(2035, 30, 'MD', '1.08'),
(2036, 30, 'MN', '1.68'),
(2037, 30, 'NL', '1.08'),
(2038, 30, 'NO', '1.26'),
(2039, 30, 'MK', '1.44'),
(2040, 30, 'PL', '1.08'),
(2041, 30, 'PT', '1.26'),
(2042, 30, 'RO', '1.32'),
(2043, 30, 'RS', '1.32'),
(2044, 30, 'RU', '0.96'),
(2045, 30, 'SE', '1.32'),
(2046, 30, 'SI', '1.08'),
(2047, 30, 'SK', '1.08'),
(2048, 30, 'TM', '1.68'),
(2049, 30, 'TR', '1.23'),
(2050, 30, 'UA', '0.96'),
(2051, 30, 'UZ', '1.68'),
(2052, 30, 'TJ', '1.20'),
(2053, 29, 'AT', '1.00'),
(2054, 29, 'AL', '1.00'),
(2055, 29, 'AM', '1.00'),
(2056, 29, 'AF', '1.50'),
(2057, 29, 'AZ', '1.00'),
(2058, 29, 'BY', '1.00'),
(2059, 29, 'BE', '1.00'),
(2060, 29, 'BA', '1.00'),
(2061, 29, 'BG', '1.00'),
(2062, 29, 'CZ', '1.00'),
(2063, 29, 'CH', '1.00'),
(2064, 29, 'DE', '1.10'),
(2065, 29, 'DK', '1.00'),
(2066, 29, 'EE', '1.00'),
(2067, 29, 'ES', '1.00'),
(2068, 29, 'FI', '1.00'),
(2069, 29, 'GB', '1.00'),
(2070, 29, 'GR', '1.00'),
(2071, 29, 'HR', '11.00'),
(2072, 29, 'HU', '1.00'),
(2073, 29, 'FR', '1.00'),
(2074, 29, 'IT', '1.00'),
(2075, 29, 'IE', '1.00'),
(2076, 29, 'IQ', '1.00'),
(2077, 29, 'IR', '1.00'),
(2078, 29, 'KG', '1.00'),
(2079, 29, 'KZ', '1.00'),
(2080, 29, 'LI', '1.00'),
(2081, 29, 'LT', '1.00'),
(2082, 29, 'LV', '1.00'),
(2083, 29, 'LU', '1.00'),
(2084, 29, 'ME', '1.00'),
(2085, 29, 'MD', '1.10'),
(2086, 29, 'MN', '1.00'),
(2087, 29, 'NL', '1.00'),
(2088, 29, 'NO', '1.00'),
(2089, 29, 'MK', '1.00'),
(2090, 29, 'PL', '1.00'),
(2091, 29, 'PT', '1.00'),
(2092, 29, 'RO', '1.00'),
(2093, 29, 'RS', '1.00'),
(2094, 29, 'RU', '0.70'),
(2095, 29, 'SE', '11.00'),
(2096, 29, 'SI', '1.00'),
(2097, 29, 'SK', '1.00'),
(2098, 29, 'TM', '1.00'),
(2099, 29, 'TR', '1.00'),
(2100, 29, 'UA', '0.70'),
(2101, 29, 'UZ', '1.00'),
(2102, 29, 'TJ', '1.00'),
(2103, 13, 'AT', '0.60'),
(2104, 13, 'AL', '0.60'),
(2105, 13, 'AF', '1.50'),
(2106, 13, 'AZ', '0.60'),
(2107, 13, 'BY', '0.60'),
(2108, 13, 'BE', '0.60'),
(2109, 13, 'BA', '0.60'),
(2110, 13, 'BG', '0.60'),
(2111, 13, 'CZ', '0.60'),
(2112, 13, 'CH', '0.60'),
(2113, 13, 'DE', '0.60'),
(2114, 13, 'DK', '0.60'),
(2115, 13, 'EE', '0.60'),
(2116, 13, 'ES', '0.60'),
(2117, 13, 'FI', '0.60'),
(2118, 13, 'GB', '0.60'),
(2119, 13, 'GE', '0.60'),
(2120, 13, 'GR', '0.60'),
(2121, 13, 'HR', '0.60'),
(2122, 13, 'HU', '0.90'),
(2123, 13, 'FR', '0.60'),
(2124, 13, 'IT', '0.60'),
(2125, 13, 'IE', '0.60'),
(2126, 13, 'IQ', '0.60'),
(2127, 13, 'IR', '0.60'),
(2128, 13, 'KG', '0.60'),
(2129, 13, 'KZ', '0.60'),
(2130, 13, 'LI', '0.60'),
(2131, 13, 'LT', '0.60'),
(2132, 13, 'LV', '0.60'),
(2133, 13, 'LU', '0.60'),
(2134, 13, 'ME', '0.60'),
(2135, 13, 'MD', '0.60'),
(2136, 13, 'MN', '0.60'),
(2137, 13, 'NL', '0.60'),
(2138, 13, 'NO', '0.60'),
(2139, 13, 'MK', '0.60'),
(2140, 13, 'PL', '0.60'),
(2141, 13, 'PT', '0.60'),
(2142, 13, 'RO', '0.60'),
(2143, 13, 'RS', '0.60'),
(2144, 13, 'RU', '1.38'),
(2145, 13, 'SE', '0.60'),
(2146, 13, 'SI', '0.60'),
(2147, 13, 'SK', '0.60'),
(2148, 13, 'TM', '0.60'),
(2149, 13, 'TR', '0.60'),
(2150, 13, 'UA', '0.60'),
(2151, 13, 'UZ', '0.60'),
(2152, 13, 'TJ', '0.60'),
(2153, 16, 'AT', '0.85'),
(2154, 16, 'AL', '0.85'),
(2155, 16, 'AM', '0.85'),
(2156, 16, 'AF', '1.50'),
(2157, 16, 'BY', '0.85'),
(2158, 16, 'BE', '0.85'),
(2159, 16, 'BA', '0.85'),
(2160, 16, 'BG', '0.85'),
(2161, 16, 'CZ', '0.85'),
(2162, 16, 'CH', '0.92'),
(2163, 16, 'DE', '0.85'),
(2164, 16, 'DK', '0.85'),
(2165, 16, 'EE', '0.85'),
(2166, 16, 'ES', '0.85'),
(2167, 16, 'FI', '0.90'),
(2168, 16, 'GB', '0.85'),
(2169, 16, 'GE', '0.85'),
(2170, 16, 'GR', '1.20'),
(2171, 16, 'HR', '0.85'),
(2172, 16, 'HU', '0.85'),
(2173, 16, 'FR', '0.85'),
(2174, 16, 'IT', '0.85'),
(2175, 16, 'IE', '0.85'),
(2176, 16, 'IQ', '1.30'),
(2177, 16, 'IR', '1.20'),
(2178, 16, 'KG', '0.85'),
(2179, 16, 'KZ', '0.85'),
(2180, 16, 'LI', '0.85'),
(2181, 16, 'LT', '0.85'),
(2182, 16, 'LV', '0.85'),
(2183, 16, 'LU', '0.85'),
(2184, 16, 'ME', '0.85'),
(2185, 16, 'MD', '0.85'),
(2186, 16, 'MN', '0.85'),
(2187, 16, 'NL', '0.85');
INSERT INTO `countries` (`id`, `code_id`, `end`, `value`) VALUES
(2188, 16, 'NO', '0.85'),
(2189, 16, 'MK', '0.85'),
(2190, 16, 'PL', '0.85'),
(2191, 16, 'PT', '0.85'),
(2192, 16, 'RO', '0.85'),
(2193, 16, 'RS', '0.85'),
(2194, 16, 'RU', '0.60'),
(2195, 16, 'SE', '0.85'),
(2196, 16, 'SI', '0.85'),
(2197, 16, 'SK', '0.85'),
(2198, 16, 'TM', '0.85'),
(2199, 16, 'TR', '0.85'),
(2200, 16, 'UA', '0.70'),
(2201, 16, 'UZ', '0.85'),
(2202, 16, 'TJ', '0.85'),
(2203, 34, 'AT', '0.90'),
(2204, 34, 'AL', '1.20'),
(2205, 34, 'AM', '1.30'),
(2206, 34, 'AF', '1.50'),
(2207, 34, 'AZ', '1.10'),
(2208, 34, 'BY', '0.60'),
(2209, 34, 'BE', '0.90'),
(2210, 34, 'BA', '1.10'),
(2211, 34, 'BG', '0.90'),
(2212, 34, 'CZ', '0.90'),
(2213, 34, 'CH', '1.02'),
(2214, 34, 'DE', '0.90'),
(2215, 34, 'DK', '0.90'),
(2216, 34, 'EE', '0.90'),
(2217, 34, 'ES', '1.02'),
(2218, 34, 'FI', '1.10'),
(2219, 34, 'GB', '1.10'),
(2220, 34, 'GE', '1.25'),
(2221, 34, 'GR', '1.12'),
(2222, 34, 'HR', '1.10'),
(2223, 34, 'HU', '0.90'),
(2224, 34, 'FR', '0.95'),
(2225, 34, 'IE', '1.30'),
(2226, 34, 'IQ', '1.50'),
(2227, 34, 'IR', '1.45'),
(2228, 34, 'KG', '1.30'),
(2229, 34, 'KZ', '1.30'),
(2230, 34, 'LI', '1.02'),
(2231, 34, 'LT', '0.90'),
(2232, 34, 'LV', '0.90'),
(2233, 34, 'LU', '1.02'),
(2234, 34, 'ME', '1.10'),
(2235, 34, 'MD', '0.90'),
(2236, 34, 'MN', '1.40'),
(2237, 34, 'NL', '0.90'),
(2238, 34, 'NO', '1.05'),
(2239, 34, 'MK', '1.20'),
(2240, 34, 'PL', '0.90'),
(2241, 34, 'PT', '1.05'),
(2242, 34, 'RO', '0.90'),
(2243, 34, 'RS', '1.10'),
(2244, 34, 'RU', '0.70'),
(2245, 34, 'SE', '1.10'),
(2246, 34, 'SI', '0.90'),
(2247, 34, 'SK', '0.90'),
(2248, 34, 'TM', '1.40'),
(2249, 34, 'TR', '1.02'),
(2250, 34, 'UA', '0.80'),
(2251, 34, 'UZ', '1.40'),
(2252, 34, 'TJ', '1.20'),
(2253, 63, 'MOSCOW', '1.00'),
(2254, 20, 'TJ', '1.00'),
(2255, 20, 'MOSCOW', '0.70'),
(2256, 23, 'MOSCOW', '0.70'),
(2257, 54, 'TJ', '1.20'),
(2258, 54, 'MOSCOW', '1.00'),
(2259, 5, 'TJ', '1.20'),
(2260, 5, 'TJ', '1.20'),
(2261, 5, 'MOSCOW', '0.70'),
(2262, 5, 'MOSCOW', '0.70'),
(2263, 16, 'MOSCOW', '0.60'),
(2264, 18, 'TJ', '1.20'),
(2265, 18, 'MOSCOW', '0.70'),
(2266, 17, 'TJ', '1.20'),
(2267, 17, 'MOSCOW', '0.85'),
(2268, 22, 'TJ', '1.20'),
(2269, 22, 'MOSCOW', '0.75'),
(2270, 21, 'TJ', '1.20'),
(2271, 21, 'MOSCOW', '0.70'),
(2272, 24, 'TJ', '1.20'),
(2273, 24, 'MOSCOW', '0.70'),
(2274, 13, 'MOSCOW', '1.38'),
(2275, 25, 'TJ', '1.20'),
(2276, 25, 'MOSCOW', '0.70'),
(2277, 26, 'TJ', '1.20'),
(2278, 26, 'MOSCOW', '0.80'),
(2279, 27, 'TJ', '1.20'),
(2280, 27, 'MOSCOW', '0.70'),
(2281, 33, 'TJ', '1.20'),
(2282, 33, 'MOSCOW', '0.70'),
(2283, 28, 'TJ', '1.20'),
(2284, 28, 'MOSCOW', '0.70'),
(2285, 29, 'MOSCOW', '0.70'),
(2286, 30, 'MOSCOW', '0.96'),
(2287, 31, 'MOSCOW', '0.96'),
(2288, 32, 'TJ', '1.20'),
(2289, 32, 'MOSCOW', '0.70'),
(2290, 34, 'MOSCOW', '0.70'),
(2291, 38, 'MOSCOW', '0.60'),
(2292, 39, 'MOSCOW', '0.55'),
(2293, 40, 'MOSCOW', '0.70'),
(2294, 41, 'AT', '0.90'),
(2295, 41, 'AL', '1.20'),
(2296, 41, 'AM', '1.30'),
(2297, 41, 'AF', '1.50'),
(2298, 41, 'AZ', '1.10'),
(2299, 41, 'BY', '0.60'),
(2300, 41, 'BE', '0.90'),
(2301, 41, 'BA', '1.10'),
(2302, 41, 'BG', '0.90'),
(2303, 41, 'CZ', '0.90'),
(2304, 41, 'CH', '1.02'),
(2305, 41, 'DE', '0.90'),
(2306, 41, 'DK', '0.90'),
(2307, 41, 'EE', '0.90'),
(2308, 41, 'ES', '1.02'),
(2309, 41, 'FI', '1.10'),
(2310, 41, 'GB', '1.10'),
(2311, 41, 'GE', '1.25'),
(2312, 41, 'GR', '1.12'),
(2313, 41, 'HR', '1.10'),
(2314, 41, 'HU', '0.90'),
(2315, 41, 'FR', '0.95'),
(2316, 41, 'IT', '0.90'),
(2317, 41, 'IE', '1.30'),
(2318, 41, 'IQ', '1.50'),
(2319, 41, 'IR', '1.45'),
(2320, 41, 'KG', '1.30'),
(2321, 41, 'KZ', '1.30'),
(2322, 41, 'LI', '1.02'),
(2323, 41, 'LV', '0.90'),
(2324, 41, 'LU', '1.02'),
(2325, 41, 'ME', '1.10'),
(2326, 41, 'MD', '0.90'),
(2327, 41, 'MN', '1.40'),
(2328, 41, 'NL', '0.90'),
(2329, 41, 'NO', '1.05'),
(2330, 41, 'MK', '1.20'),
(2331, 41, 'PL', '0.90'),
(2332, 41, 'PT', '1.05'),
(2333, 41, 'RO', '0.90'),
(2334, 41, 'RS', '1.10'),
(2335, 41, 'RU', '0.70'),
(2336, 41, 'SE', '1.10'),
(2337, 41, 'SI', '0.90'),
(2338, 41, 'SK', '0.90'),
(2339, 41, 'TM', '1.40'),
(2340, 41, 'TR', '1.02'),
(2341, 41, 'UA', '0.70'),
(2342, 41, 'UZ', '1.40'),
(2343, 41, 'TJ', '1.20'),
(2344, 41, 'MOSCOW', '0.70'),
(2345, 42, 'AT', '0.90'),
(2346, 42, 'AL', '1.20'),
(2347, 42, 'AM', '1.30'),
(2348, 42, 'AF', '1.40'),
(2349, 42, 'AZ', '1.10'),
(2350, 42, 'BY', '0.60'),
(2351, 42, 'BE', '0.90'),
(2352, 42, 'BA', '1.10'),
(2353, 42, 'BG', '0.90'),
(2354, 42, 'CZ', '0.90'),
(2355, 42, 'CH', '1.02'),
(2356, 42, 'DE', '0.90'),
(2357, 42, 'DK', '0.90'),
(2358, 42, 'EE', '0.90'),
(2359, 42, 'ES', '1.02'),
(2360, 42, 'FI', '1.10'),
(2361, 42, 'GB', '1.10'),
(2362, 42, 'GE', '1.25'),
(2363, 42, 'GR', '1.12'),
(2364, 42, 'HR', '1.10'),
(2365, 42, 'HU', '0.90'),
(2366, 42, 'FR', '0.95'),
(2367, 42, 'IT', '0.90'),
(2368, 42, 'IE', '1.30'),
(2369, 42, 'IQ', '1.50'),
(2370, 42, 'IR', '1.45'),
(2371, 42, 'KG', '1.30'),
(2372, 42, 'KZ', '1.30'),
(2373, 42, 'LI', '1.02'),
(2374, 42, 'LT', '0.90'),
(2375, 42, 'LU', '1.02'),
(2376, 42, 'ME', '1.10'),
(2377, 42, 'MD', '0.90'),
(2378, 42, 'MN', '1.40'),
(2379, 42, 'NL', '0.90'),
(2380, 42, 'NO', '1.05'),
(2381, 42, 'MK', '1.20'),
(2382, 42, 'PL', '0.90'),
(2383, 42, 'PT', '1.05'),
(2384, 42, 'RO', '0.90'),
(2385, 42, 'RS', '1.10'),
(2386, 42, 'RU', '0.70'),
(2387, 42, 'SE', '1.10'),
(2388, 42, 'SI', '0.90'),
(2389, 42, 'SK', '0.90'),
(2390, 42, 'TM', '1.40'),
(2391, 42, 'TR', '1.02'),
(2392, 42, 'UA', '0.70'),
(2393, 42, 'UZ', '1.40'),
(2394, 42, 'TJ', '1.20'),
(2395, 42, 'MOSCOW', '0.70'),
(2396, 43, 'MOSCOW', '0.70'),
(2397, 45, 'MOSCOW', '0.85'),
(2398, 44, 'MOSCOW', '0.96'),
(2399, 49, 'MOSCOW', '0.96'),
(2400, 46, 'MOSCOW', '0.60'),
(2401, 63, 'AT', '0.67'),
(2402, 63, 'AL', '1.02'),
(2403, 63, 'AM', '1.20'),
(2404, 63, 'AF', '1.50'),
(2405, 63, 'AZ', '1.10'),
(2406, 63, 'BY', '0.57'),
(2407, 63, 'BE', '0.60'),
(2408, 63, 'BA', '0.75'),
(2409, 63, 'BG', '0.70'),
(2410, 63, 'CZ', '0.65'),
(2411, 63, 'CH', '0.70'),
(2412, 63, 'DE', '0.65'),
(2413, 63, 'DK', '0.80'),
(2414, 63, 'EE', '0.65'),
(2415, 63, 'ES', '0.75'),
(2416, 63, 'FI', '0.70'),
(2417, 63, 'GB', '1.05'),
(2418, 63, 'GE', '0.90'),
(2419, 63, 'GR', '0.95'),
(2420, 63, 'HR', '0.75'),
(2421, 63, 'HU', '0.65'),
(2422, 63, 'FR', '0.71'),
(2423, 63, 'IT', '0.65'),
(2424, 63, 'IE', '1.10'),
(2425, 63, 'IQ', '1.40'),
(2426, 63, 'IR', '1.30'),
(2427, 63, 'KG', '0.70'),
(2428, 63, 'KZ', '0.70'),
(2429, 63, 'LI', '0.75'),
(2430, 63, 'LT', '0.65'),
(2431, 63, 'LV', '0.65'),
(2432, 63, 'LU', '0.82'),
(2433, 63, 'ME', '0.75'),
(2434, 63, 'MD', '0.63'),
(2435, 63, 'MN', '0.90'),
(2436, 63, 'NL', '0.65'),
(2437, 63, 'NO', '0.85'),
(2438, 63, 'MK', '0.75'),
(2439, 63, 'PL', '0.55'),
(2440, 63, 'PT', '0.80'),
(2441, 63, 'RO', '0.70'),
(2442, 63, 'RS', '0.75'),
(2443, 63, 'RU', '1.00'),
(2444, 63, 'SE', '0.85'),
(2445, 63, 'SI', '0.65'),
(2446, 63, 'SK', '0.65'),
(2447, 63, 'TM', '1.57'),
(2448, 63, 'TR', '0.75'),
(2449, 63, 'UA', '0.60'),
(2450, 63, 'UZ', '1.10'),
(2451, 63, 'TJ', '1.20'),
(2452, 53, 'MOSCOW', '0.96'),
(2453, 47, 'TJ', '1.20'),
(2454, 47, 'MOSCOW', '0.70'),
(2455, 48, 'MOSCOW', '0.70'),
(2456, 50, 'TJ', '1.20'),
(2457, 50, 'MOSCOW', '0.70'),
(2458, 51, 'TJ', '1.20'),
(2459, 51, 'MOSCOW', '0.96'),
(2460, 52, 'MOSCOW', '0.96'),
(2461, 56, 'TJ', '1.20'),
(2462, 56, 'MOSCOW', '0.70'),
(2463, 57, 'TJ', '1.20'),
(2464, 57, 'MOSCOW', '0.70'),
(2465, 62, 'MOSCOW', '0.60'),
(2466, 58, 'TJ', '0.60'),
(2467, 58, 'MOSCOW', '0.60'),
(2468, 59, 'MOSCOW', '1.38'),
(2469, 60, 'MOSCOW', '0.85'),
(2470, 61, 'MOSCOW', '0.60'),
(2471, 55, 'TJ', '1.20'),
(2472, 55, 'MOSCOW', '0.96');

-- --------------------------------------------------------

--
-- Структура таблицы `currencies`
--

CREATE TABLE IF NOT EXISTS `currencies` (
  `id` int(10) unsigned NOT NULL AUTO_INCREMENT,
  `name` varchar(255) COLLATE utf8_unicode_ci NOT NULL,
  `value` decimal(10,5) NOT NULL,
  PRIMARY KEY (`id`)
) ENGINE=InnoDB  DEFAULT CHARSET=utf8 COLLATE=utf8_unicode_ci AUTO_INCREMENT=9 ;

--
-- Дамп данных таблицы `currencies`
--

INSERT INTO `currencies` (`id`, `name`, `value`) VALUES
(1, 'EUR', '1.00000'),
(4, 'USD', '1.10000'),
(6, 'UAH', '24.00000'),
(7, 'BYR', '20041.01967'),
(8, 'RUB', '80.51050');

-- --------------------------------------------------------

--
-- Структура таблицы `en_blocks`
--

CREATE TABLE IF NOT EXISTS `en_blocks` (
  `id` int(10) unsigned NOT NULL AUTO_INCREMENT,
  `block_id` int(10) unsigned NOT NULL,
  `content` text COLLATE utf8_unicode_ci NOT NULL,
  PRIMARY KEY (`id`),
  KEY `en_blocks_block_id_foreign` (`block_id`)
) ENGINE=InnoDB DEFAULT CHARSET=utf8 COLLATE=utf8_unicode_ci AUTO_INCREMENT=1 ;

-- --------------------------------------------------------

--
-- Структура таблицы `forms`
--

CREATE TABLE IF NOT EXISTS `forms` (
  `id` int(10) unsigned NOT NULL AUTO_INCREMENT,
  `user_id` int(10) unsigned NOT NULL,
  `transporter` varchar(255) COLLATE utf8_unicode_ci NOT NULL,
  `contact_face` varchar(255) COLLATE utf8_unicode_ci NOT NULL,
  `kind_of_transport` varchar(255) COLLATE utf8_unicode_ci NOT NULL,
  `cargo_name` varchar(255) COLLATE utf8_unicode_ci NOT NULL,
  `number_of_seats` varchar(255) COLLATE utf8_unicode_ci NOT NULL,
  `volume` varchar(255) CHARACTER SET utf8 NOT NULL,
  `weight` varchar(255) CHARACTER SET utf8 NOT NULL,
  `load_address` varchar(255) COLLATE utf8_unicode_ci NOT NULL,
  `cc_load_address` varchar(255) COLLATE utf8_unicode_ci NOT NULL,
  `unloading_address` varchar(255) COLLATE utf8_unicode_ci NOT NULL,
  `cc_unloading_address` varchar(255) COLLATE utf8_unicode_ci NOT NULL,
  `load_datetime` datetime NOT NULL,
  `delivery_datetime` datetime NOT NULL,
  `price` varchar(255) COLLATE utf8_unicode_ci NOT NULL,
  `method_of_payment` varchar(255) COLLATE utf8_unicode_ci NOT NULL,
  `payment_term` varchar(255) COLLATE utf8_unicode_ci NOT NULL,
  `additional_conditions` varchar(255) COLLATE utf8_unicode_ci NOT NULL,
  `car_brand` varchar(255) COLLATE utf8_unicode_ci NOT NULL,
  `number_am` varchar(255) COLLATE utf8_unicode_ci NOT NULL,
  `number_pp` varchar(255) COLLATE utf8_unicode_ci NOT NULL,
  `driver_name` varchar(255) COLLATE utf8_unicode_ci NOT NULL,
  `driver_passport` varchar(255) COLLATE utf8_unicode_ci NOT NULL,
  `driver_phone` varchar(255) COLLATE utf8_unicode_ci NOT NULL,
  `confirmed` tinyint(1) NOT NULL,
  `created_at` timestamp NOT NULL DEFAULT '0000-00-00 00:00:00',
  `updated_at` timestamp NOT NULL DEFAULT '0000-00-00 00:00:00',
  `agreement_number` int(10) unsigned NOT NULL,
  `cargo_number` int(10) unsigned NOT NULL,
  `agreement_date` date NOT NULL,
  `cargo_date` date NOT NULL,
  PRIMARY KEY (`id`),
  KEY `forms_user_id_foreign` (`user_id`)
) ENGINE=InnoDB  DEFAULT CHARSET=utf8 COLLATE=utf8_unicode_ci AUTO_INCREMENT=10 ;

--
-- Дамп данных таблицы `forms`
--

INSERT INTO `forms` (`id`, `user_id`, `transporter`, `contact_face`, `kind_of_transport`, `cargo_name`, `number_of_seats`, `volume`, `weight`, `load_address`, `cc_load_address`, `unloading_address`, `cc_unloading_address`, `load_datetime`, `delivery_datetime`, `price`, `method_of_payment`, `payment_term`, `additional_conditions`, `car_brand`, `number_am`, `number_pp`, `driver_name`, `driver_passport`, `driver_phone`, `confirmed`, `created_at`, `updated_at`, `agreement_number`, `cargo_number`, `agreement_date`, `cargo_date`) VALUES
(1, 2, '', '', 'Тент', 'Что-нибудь', '10', '20.000', '20.000', 'Италия, г. Милан ул. Помидорчиков, 13', '', 'Украина, Харьков, ул. Рымарская, 18', '', '2015-09-16 15:02:09', '2015-09-30 15:02:12', '', 'Денюжками', '', '', '', '', '', '', '', '', 1, '2015-09-10 07:02:20', '2015-09-11 04:45:04', 0, 0, '0000-00-00', '0000-00-00'),
(4, 2, '', '', 'Собачник', 'Мы везем собак', '1000', '2.000', '10.000', 'Где-то', '', 'Куда-то', '', '2015-09-10 17:04:41', '2015-09-23 17:04:43', '', 'Руки', '', '', '', '', '', '', '', '', 0, '2015-09-10 09:04:47', '2015-09-10 09:04:47', 0, 0, '0000-00-00', '0000-00-00'),
(5, 2, '', '', 'Машинка', 'Машинки', '2', '3.000', '22.000', 'Куда-то', '', 'Где-то', '', '2015-09-24 21:00:11', '2015-09-21 21:00:14', '', 'Фантики', '', '', '', '', '', '', '', '', 1, '2015-09-10 09:05:21', '2015-09-13 21:44:58', 0, 0, '0000-00-00', '0000-00-00'),
(6, 2, 'ТОВ "КАКОЙ-НИБУДЬ-ТРАНС"', 'Леонид 050-320-73-15', 'Тент', 'металлургическая смесь в биг-бегах', 'ТТН', 'ТТН', 'ТТН', 'г. Днепродзержинск, ул. Широкая, 351', 'г. Днепродзержинск, ул. Широкая, 351', 'Villafranca di Verona, Италия', 'Villafranca di Verona, Италия', '2015-08-25 09:00:00', '2015-08-31 09:00:00', '2100,00 Евро по кросс курсу USD в день оплаты', 'Наличный расчет на доп. указанные реквизиты', 'Оплата по факту доставки в срок 7 банковских дней', 'Загрузка верхняя. Необходимая документация: CMR', 'VOLVO', 'АЕ0068АI', 'АЕ6149ХХ', 'Максимык Дмитрий', '', '0994691087, +393200234373', 1, '2015-09-10 10:02:18', '2015-09-11 09:12:40', 23, 13, '2015-09-25', '2015-09-15'),
(7, 12, '', '', 'тент', 'металл', '13', '86', '20', 'Димитровград, Россия', '', 'Севойно, Сербия', '', '2015-10-13 16:23:28', '2015-10-22 16:23:37', '', 'безнал', '', '', '', '', '', '', '', '', 0, '2015-10-01 18:23:50', '2015-10-01 18:23:50', 0, 0, '0000-00-00', '0000-00-00'),
(8, 23, '', '', 'Тент', 'Любое', 'Любое', '94,5', '22', 'Чехия', '', 'Украина ', '', '2015-10-12 18:00:53', '2015-10-14 21:48:56', '', 'Безналичный/наличный', '', '', '', '', '', '', '', '', 0, '2015-10-11 04:49:30', '2015-10-12 21:49:37', 0, 0, '0000-00-00', '0000-00-00'),
(9, 54, '', '', 'Тент ', 'Торфобрикет ', '2', '85', '20-23', 'Маневичи, Волынская обл.', '', 'Кривой Рог, Днепропетровская обл.', '', '2015-11-30 20:02:54', '2015-11-30 20:02:49', '', 'По договоренности', '', '', '', '', '', '', '', '', 0, '2015-12-01 03:03:02', '2015-12-01 03:03:02', 0, 0, '0000-00-00', '0000-00-00');

-- --------------------------------------------------------

--
-- Структура таблицы `migrations`
--

CREATE TABLE IF NOT EXISTS `migrations` (
  `migration` varchar(255) COLLATE utf8_unicode_ci NOT NULL,
  `batch` int(11) NOT NULL
) ENGINE=InnoDB DEFAULT CHARSET=utf8 COLLATE=utf8_unicode_ci;

--
-- Дамп данных таблицы `migrations`
--

INSERT INTO `migrations` (`migration`, `batch`) VALUES
('2015_12_10_165330_create_bids_table', 1),
('2015_12_11_113028_add_indexes_to_bids_table', 1);

-- --------------------------------------------------------

--
-- Структура таблицы `orders`
--

CREATE TABLE IF NOT EXISTS `orders` (
  `id` int(10) unsigned NOT NULL AUTO_INCREMENT,
  `condition_id` int(10) unsigned NOT NULL,
  `viewed` tinyint(1) NOT NULL,
  `content` text COLLATE utf8_unicode_ci NOT NULL,
  `phone` varchar(255) COLLATE utf8_unicode_ci NOT NULL,
  `created_at` timestamp NOT NULL DEFAULT '0000-00-00 00:00:00',
  `updated_at` timestamp NOT NULL DEFAULT '0000-00-00 00:00:00',
  PRIMARY KEY (`id`),
  KEY `orders_condition_id_foreign` (`condition_id`)
) ENGINE=InnoDB  DEFAULT CHARSET=utf8 COLLATE=utf8_unicode_ci AUTO_INCREMENT=112 ;

--
-- Дамп данных таблицы `orders`
--

INSERT INTO `orders` (`id`, `condition_id`, `viewed`, `content`, `phone`, `created_at`, `updated_at`) VALUES
(1, 1, 1, 'test order content', '123546789', '2015-09-03 02:52:52', '2015-09-03 06:03:57'),
(2, 2, 1, 'Маршрут<br>Откуда: Харьков<br>Куда: Москва<br>Длина маршрута, км: 739.587<br>Страны: UA-RU<br>Коэффициент расстояния: 1.42<br>Коэффициент страны: 1<br>Коэффициент груза: 0.4<br>Цена: 420.08541599999995', '123456789', '2015-09-03 04:39:06', '2015-09-03 07:22:29'),
(3, 2, 1, 'Маршрут<br>Откуда: Вильнюс, Вильнюсский уезд, Литва<br>Куда: Москва, город Москва, Россия<br>Длина маршрута, км: 965.787<br>Страны: LT-RU<br>Коэффициент расстояния: 1.34<br>Коэффициент страны: 1<br>Коэффициент груза: 1<br>Цена: 1294.1545800000001', '1234567897', '2015-09-03 04:58:25', '2015-09-03 07:24:55'),
(4, 3, 1, 'Маршрут<br>Откуда: Бранденбург, Германия<br>Куда: Тегеран, Иран<br>Длина маршрута, км: 4688.879<br>Страны: DE-IR<br>Коэффициент расстояния: 1<br>Коэффициент страны: 1<br>Коэффициент груза: 1<br>Цена: 4688.879', '012345678', '2015-09-03 06:35:56', '2015-09-03 07:22:18'),
(5, 2, 1, 'Маршрут<br>Откуда: Тель-Авив, Израиль<br>Куда: Тельманово, Донецкая область, Украина<br>Длина маршрута, км: 4407.624<br>Страны: IL-UA<br>Коэффициент расстояния: 1<br>Коэффициент страны: 1<br>Коэффициент груза: 1.2<br>Цена: 5289.1488', '1354687', '2015-09-03 07:30:19', '2015-09-03 08:47:35'),
(6, 1, 1, 'Маршрут<br>Откуда: Харьков<br>Куда: Москва<br>Длина маршрута, км: 739.587<br>Страны: UA-RU<br>Коэффициент расстояния: 1.42<br>Коэффициент страны: 1<br>Коэффициент груза: 1<br>Тип перевозки: Рефрежератор<br>Цена: 1050.21354', '123456789', '2015-09-04 07:03:46', '2015-09-04 07:03:57'),
(7, 2, 1, 'Маршрут<br>Откуда: Владимир<br>Куда: Варшава<br>Длина маршрута, км: 1466.98<br>Страны: RU-PL<br>Коэффициент расстояния: 1.24<br>Коэффициент страны: 1<br>Коэффициент груза: 0.4<br>Тип перевозки: Рефрежератор<br>Цена: 800.3842880000001 USD', '123456789', '2015-09-04 09:59:27', '2015-09-04 09:59:54'),
(8, 2, 1, 'Маршрут<br>Откуда: Харьков, Харьковская область, Украина<br>Куда: Москва, город Москва, Россия<br>Длина маршрута, км: 739.587<br>Страны: UA-RU<br>Коэффициент расстояния: 1.42<br>Коэффициент страны: 1<br>Коэффициент груза: 0.4<br>Тип перевозки: ADR перевозка<br>Цена: 462.0939576 USD', '123456789', '2015-09-07 02:50:55', '2015-09-07 02:51:09'),
(9, 2, 1, 'Маршрут<br>Откуда: Харьков<br>Куда: Владивосток<br>Транзит 0: Минск<br>Транзит 1: Москва<br>Транзит 2: Астана<br>Транзит 3: Новосибирск<br>Транзит 4: Братск<br>Длина маршрута, км: 11790.488<br>Страны: UA-RU<br>Коэффициент расстояния: 1<br>Коэффициент страны: 1<br>Коэффициент груза: 0.3<br>Тип перевозки: Рефрежератор<br>Цена: 3890.8610400000002 USD', '123456789', '2015-09-07 21:20:37', '2015-09-07 21:20:46'),
(10, 1, 1, 'Маршрут<br>Откуда: Мадрид, Испания<br>Куда: Харьков, Харьковская область, Украина<br>Длина маршрута, км: 4094.583<br>Страны: ES-UA<br>Коэффициент расстояния: 1<br>Коэффициент страны: 1<br>Коэффициент груза: 0.4<br>Тип перевозки: Рефрежератор<br>Цена: 1637.8332000000003 EUR', '555333222', '2015-09-07 22:31:06', '2015-09-11 16:09:20'),
(11, 1, 1, 'Маршрут<br>Откуда: Киев, город Киев, Украина<br>Куда: Минск, Беларусь<br>Транзит 0: Житомир, Житомирская область, Украина<br>Длина маршрута, км: 650.522<br>Страны: UA-BY<br>Коэффициент расстояния: 1.42<br>Коэффициент страны: 1<br>Коэффициент груза: 1<br>Тип перевозки: Крытая<br>Цена: 1016.1153640000001 USD', ' 380675020400', '2015-09-08 14:07:44', '2015-09-10 19:42:52'),
(12, 1, 1, 'Маршрут<br>Откуда: Бистрица, Бистрица-Нэсэуд, Румыния<br>Куда: Одесса, Одесская область, Украина<br>Длина маршрута, км: 635.086<br>Страны: RO-UA<br>Коэффициент расстояния: 1.42<br>Коэффициент страны: 0.88<br>Коэффициент груза: 1.2<br>Тип перевозки: Крытая<br>Цена: 1066.6030577664 USD', '0675020400', '2015-09-11 16:38:54', '2015-09-11 16:39:17'),
(13, 1, 1, 'Маршрут<br>Откуда: Подольск, Московская область, Россия<br>Куда: Киев, город Киев, Украина<br>Длина маршрута, км: 816.368<br>Страны: RU-UA<br>Коэффициент расстояния: 1.34<br>Коэффициент страны: 0.8<br>Коэффициент груза: 1<br>Тип перевозки: Крытая<br>Цена: 875.1464960000001 EUR', '0675020400', '2015-09-12 17:43:42', '2015-09-12 17:44:19'),
(14, 1, 1, 'Маршрут<br>Откуда: город Санкт-Петербург, Россия<br>Куда: Киев, город Киев, Украина<br>Длина маршрута, км: 1218.002<br>Страны: RU-UA<br>Коэффициент расстояния: 1.24<br>Коэффициент страны: 0.8<br>Коэффициент груза: 1<br>Тип перевозки: Крытая<br>Цена: 1208.2579839999999 EUR', '0675020400', '2015-09-12 18:23:33', '2015-09-12 20:40:24'),
(15, 1, 1, 'Маршрут<br>Откуда: Тверь, Тверская область, Россия<br>Куда: Харьков, Харьковская область, Украина<br>Длина маршрута, км: 916.395<br>Страны: RU-UA<br>Коэффициент расстояния: 1.34<br>Коэффициент страны: 0.5<br>Коэффициент груза: 1<br>Тип перевозки: Крытая<br>Цена: 687.662808 USD', '0675020400', '2015-09-12 20:24:15', '2015-09-12 20:29:22'),
(16, 1, 1, 'Маршрут<br>Откуда: Волжск, Республика Марий Эл, Россия<br>Куда: Киев, город Киев, Украина<br>Длина маршрута, км: 1631.163<br>Страны: RU-UA<br>Коэффициент расстояния: 1.1<br>Коэффициент страны: 0.52<br>Коэффициент груза: 1<br>Тип перевозки: Крытая<br>Цена: 933.0252360000002 EUR', '1212121212', '2015-09-12 20:39:45', '2015-09-12 20:40:08'),
(17, 1, 1, 'Маршрут<br>Откуда: Пикалево, Ленинградская область, Россия<br>Куда: Тюль, Франция<br>Длина маршрута, км: 3357.719<br>Страны: RU-FR<br>Коэффициент расстояния: 1.05<br>Коэффициент страны: 1<br>Коэффициент груза: 1<br>Тип перевозки: Крытая<br>Цена: 3525.6049500000004 EUR', '0675020400', '2015-09-13 22:13:43', '2015-09-13 22:14:07'),
(18, 1, 1, 'Маршрут<br>Откуда: Пикалево, Ленинградская область, Россия<br>Куда: Тюль, Франция<br>Длина маршрута, км: 3357.719<br>Страны: RU-FR<br>Коэффициент расстояния: 1.05<br>Коэффициент страны: 0.75<br>Коэффициент груза: 1<br>Тип перевозки: Крытая<br>Цена: 2644.2037125000006 EUR', ' 380675020400', '2015-09-13 22:15:43', '2015-09-13 22:16:31'),
(19, 1, 1, 'Маршрут<br>Откуда: Воронеж, Воронежская область, Россия<br>Куда: Тбилиси, Грузия<br>Длина маршрута, км: 1468.652<br>Страны: RU-GE<br>Коэффициент расстояния: 1.24<br>Коэффициент страны: 0.9<br>Коэффициент груза: 1<br>Тип перевозки: Крытая<br>Цена: 1852.0876641600003 USD', '0675020400', '2015-09-13 22:53:45', '2015-09-13 22:54:19'),
(20, 1, 1, 'Маршрут<br>Откуда: Верхний Уфалей, Челябинская область, Россия<br>Куда: Запорожье, Запорожская область, Украина<br>Длина маршрута, км: 2351.869<br>Страны: RU-UA<br>Коэффициент расстояния: 1.1<br>Коэффициент страны: 0.61<br>Коэффициент груза: 1<br>Тип перевозки: Крытая<br>Цена: 40241.65452450001 UAH', '0675020400', '2015-09-14 02:19:39', '2015-09-14 02:19:48'),
(21, 1, 1, 'Маршрут<br>Откуда: Верхний Уфалей, Челябинская область, Россия<br>Куда: Запорожье, Запорожская область, Украина<br>Длина маршрута, км: 2351.869<br>Страны: RU-UA<br>Коэффициент расстояния: 1.1<br>Коэффициент страны: 0.61<br>Коэффициент груза: 1<br>Тип перевозки: Крытая<br>Цена: 40241.65452450001 UAH', '0675020400', '2015-09-14 02:21:54', '2015-09-14 02:22:05'),
(22, 1, 1, 'Маршрут<br>Откуда: Челябинск, Челябинская область, Россия<br>Куда: Ашхабад, Aşgabat, Туркменистан<br>Длина маршрута, км: 2546.651<br>Страны: RU-TM<br>Коэффициент расстояния: 1.05<br>Коэффициент страны: 1.57<br>Коэффициент груза: 1<br>Тип перевозки: Крытая<br>Цена: 4617.969590850002 USD', '0675020400', '2015-09-14 17:53:31', '2015-09-14 17:54:20'),
(23, 1, 1, 'Маршрут<br>Откуда: Киев, город Киев, Украина<br>Куда: Варшава, Польша<br>Длина маршрута, км: 779.528<br>Страны: UA-PL<br>Коэффициент расстояния: 1.34<br>Коэффициент страны: 0.7<br>Коэффициент груза: 0.5<br>Тип перевозки: Крытая<br>Цена: 365.598632 EUR', '0675020400', '2015-09-16 23:59:54', '2015-09-17 00:00:09'),
(24, 1, 1, 'Маршрут<br>Откуда: Киев, город Киев, Украина<br>Куда: Мюнхен, Германия<br>Длина маршрута, км: 1785.903<br>Страны: UA-DE<br>Коэффициент расстояния: 1.1<br>Коэффициент страны: 0.75<br>Коэффициент груза: 1<br>Тип перевозки: Крытая<br>Цена: 1473.369975 EUR', '0675020400', '2015-09-17 15:56:23', '2015-09-17 15:56:40'),
(25, 1, 1, 'Маршрут<br>Откуда: Смела, Черкасская область, Украина<br>Куда: Улаанбаатар, Улан-Батор, Монголия<br>Длина маршрута, км: 6618.144<br>Страны: UA-MN<br>Коэффициент расстояния: 1<br>Коэффициент страны: 1.3<br>Коэффициент груза: 0.5<br>Тип перевозки: Крытая<br>Цена: 4731.972960000001 USD', '0675020400', '2015-09-18 17:55:57', '2015-09-18 17:58:15'),
(26, 1, 1, 'Маршрут<br>Откуда: 53092 США<br>Куда: Нью-Йорк, Соединенные Штаты Америки<br>Длина маршрута, км: 1439.5720000000001<br>Страны: US-US<br>Коэффициент расстояния: 1.24<br>Коэффициент страны: 0.55<br>Коэффициент груза: 1<br>Тип перевозки: Крытая<br>Цена: 1079.9669144000002 USD', '0675020400', '2015-09-21 18:12:35', '2015-09-21 18:15:20'),
(27, 1, 1, 'Маршрут<br>Откуда: Жетысай, Южно-Казахстанская область, Казахстан<br>Куда: Москва, город Москва, Россия<br>Длина маршрута, км: 3496.4120000000003<br>Страны: KZ-RU<br>Коэффициент расстояния: 1.05<br>Коэффициент страны: 0.55<br>Коэффициент груза: 1<br>Тип перевозки: Крытая<br>Цена: 2221.095723000001 USD', '0675020400', '2015-09-21 18:32:12', '2015-09-21 18:48:56'),
(28, 1, 1, 'Маршрут<br>Откуда: Grycksbo, Sverige<br>Куда: Киев, город Киев, Украина<br>Длина маршрута, км: 2502.2490000000003<br>Страны: SE-UA<br>Коэффициент расстояния: 1.05<br>Коэффициент страны: 0.96<br>Коэффициент груза: 1<br>Тип перевозки: Крытая<br>Цена: 2522.2669920000003 EUR', '0674648618', '2015-09-28 17:13:05', '2015-09-28 18:53:21'),
(29, 1, 1, 'Маршрут<br>Откуда: Каховка, Херсонська область, Україна<br>Куда: Бухарест, Румыния<br>Длина маршрута, км: 871.697<br>Страны: UA-RO<br>Коэффициент расстояния: 1.34<br>Коэффициент страны: 0.8<br>Коэффициент груза: 1.2<br>Тип перевозки: Крытая<br>Цена: 1121.3510208000002 EUR', ' 40759066769', '2015-09-29 19:05:19', '2015-09-29 19:24:16'),
(30, 1, 1, 'Маршрут<br>Откуда: Киев, город Киев, Украина<br>Куда: Москва, город Москва, Россия<br>Длина маршрута, км: 858.6510000000001<br>Страны: UA-RU<br>Коэффициент расстояния: 1.34<br>Коэффициент страны: 0.85<br>Коэффициент груза: 1<br>Тип перевозки: Крытая<br>Цена: 978.0034890000001 EUR', '0668929441', '2015-09-30 02:50:12', '2015-09-30 03:53:29'),
(31, 1, 1, 'Email отправителя: <strong>test@test.com</strong><br>Маршрут<br>Откуда: Харьков, Харьковская область, Украина<br>Куда: Москва, город Москва, Россия<br>Длина маршрута, км: 739.587<br>Страны: UA-RU<br>Коэффициент расстояния: 1.42<br>Коэффициент страны: 0.85<br>Коэффициент груза: 0.4<br>Тип перевозки: Крытая<br>Цена: 357.0726036 EUR', '11111111111', '2015-09-30 21:41:25', '2015-09-30 21:41:38'),
(32, 1, 1, 'Email отправителя: <strong>bal@standartlogistic.ru</strong><br>Маршрут<br>Откуда: Екатеринбург, Свердловская область, Россия<br>Куда: Карши, Кашкадарья, Узбекистан<br>Длина маршрута, км: 2814.081<br>Страны: RU-UZ<br>Коэффициент расстояния: 1.05<br>Коэффициент страны: 1.05<br>Коэффициент груза: 1<br>Тип перевозки: Крытая<br>Цена: 249785.78285642623 RUB', ' 79292150203', '2015-10-01 18:59:38', '2015-10-01 19:24:35'),
(33, 1, 1, 'Email отправителя: <strong>sail033@</strong><br>Маршрут<br>Откуда: Нижний Новгород, Нижегородская область, Россия<br>Куда: Львов, Львовская область, Украина<br>Длина маршрута, км: 1825.395<br>Страны: RU-UA<br>Коэффициент расстояния: 1.1<br>Коэффициент страны: 0.55<br>Коэффициент груза: 1<br>Тип перевозки: Крытая<br>Цена: 1104.3639750000002 EUR', ' 79875370557', '2015-10-02 16:01:27', '2015-10-02 16:03:07'),
(34, 1, 1, 'Маршрут<br>Откуда: Минск, Беларусь<br>Куда: Ташкент, Узбекистан<br>Длина маршрута, км: 4096.585<br>Страны: BY-UZ<br>Коэффициент расстояния: 1<br>Коэффициент страны: 1<br>Коэффициент груза: 1<br>Тип перевозки: Крытая<br>Цена: 4506.2435000000005 USD', '0675020400', '2015-10-02 16:15:20', '2015-10-02 16:47:38'),
(35, 1, 1, 'Email отправителя: <strong>sdfsgr@</strong><br>Маршрут<br>Откуда: Минск, Беларусь<br>Куда: Ташкент, Узбекистан<br>Длина маршрута, км: 4096.585<br>Страны: BY-UZ<br>Коэффициент расстояния: 1<br>Коэффициент страны: 1<br>Коэффициент груза: 1<br>Тип перевозки: Крытая<br>Цена: 4506.2435000000005 USD', '0675020400', '2015-10-02 16:15:52', '2015-10-02 16:47:41'),
(36, 1, 1, 'Email отправителя: <strong>gmail.com</strong><br>Маршрут<br>Откуда: Минск, Беларусь<br>Куда: Ташкент, Узбекистан<br>Длина маршрута, км: 4096.585<br>Страны: BY-UZ<br>Коэффициент расстояния: 1<br>Коэффициент страны: 1<br>Коэффициент груза: 1<br>Тип перевозки: Крытая<br>Цена: 4506.2435000000005 USD', '0675020400', '2015-10-02 16:16:05', '2015-10-02 16:47:44'),
(37, 1, 1, 'Email отправителя: <strong>georgi86@ukr.net</strong><br>Маршрут<br>Откуда: Лондон, Великобритания<br>Куда: Львов, Львовская область, Украина<br>Длина маршрута, км: 1960.184<br>Страны: GB-UA<br>Коэффициент расстояния: 1.1<br>Коэффициент страны: 0.7<br>Коэффициент груза: 0.3<br>Тип перевозки: Крытая<br>Цена: 498.0827544 USD', ' 38 063 940 12 80', '2015-10-05 03:22:26', '2015-10-05 13:10:08'),
(38, 1, 1, 'Email отправителя: <strong>fiduciaafricanfoods@hotmail.com</strong><br>Маршрут<br>Откуда: Кампен, Нидерланды<br>Куда: Киев, город Киев, Украина<br>Длина маршрута, км: 1920.003<br>Страны: NL-UA<br>Коэффициент расстояния: 1.1<br>Коэффициент страны: 0.7<br>Коэффициент груза: 0.3<br>Тип перевозки: Крытая<br>Цена: 443.520693 EUR', '0939877393', '2015-10-06 01:26:35', '2015-10-06 12:39:08'),
(39, 1, 1, 'Email отправителя: <strong>fiduciaafricanfoods@hotmail.com</strong><br>Маршрут<br>Откуда: Кампен, Нидерланды<br>Куда: Киев, город Киев, Украина<br>Длина маршрута, км: 1920.003<br>Страны: NL-UA<br>Коэффициент расстояния: 1.1<br>Коэффициент страны: 0.7<br>Коэффициент груза: 0.3<br>Тип перевозки: Крытая<br>Цена: 443.520693 EUR', '0939877393', '2015-10-06 01:38:37', '2015-10-06 12:40:40'),
(40, 1, 1, 'Email отправителя: <strong>royik71@mail.ru</strong><br>Маршрут<br>Откуда: Kiev, Kyiv city, Ukraine<br>Куда: Paris, France<br>Длина маршрута, км: 2358.965<br>Страны: UA-FR<br>Коэффициент расстояния: 1.1<br>Коэффициент страны: 0.81<br>Коэффициент груза: 0.4<br>Тип перевозки: Крытая<br>Цена: 840.7351260000001 EUR', ' 33.667.70.53.22', '2015-10-06 03:20:50', '2015-10-06 12:40:58'),
(41, 1, 1, 'Маршрут<br>Откуда: Люблин, Польша<br>Куда: Днепропетровск, Днепропетровская область, Украина<br>Длина маршрута, км: 1077.335<br>Страны: PL-UA<br>Коэффициент расстояния: 1.24<br>Коэффициент страны: 0.7<br>Коэффициент груза: 0.3<br>Параметры груза: длина - 8, ширина - 2, высота - 2, вес - 3.<br>Тип перевозки: Крытая<br>Цена: 280.538034 EUR', '0675020400', '2015-10-06 19:52:43', '2015-10-06 19:56:57'),
(42, 3, 1, 'Email отправителя: <strong>test@test.com</strong><br>Маршрут<br>Откуда: Харьков<br>Куда: Волгоград, Волгоградская область, Россия<br>Длина маршрута, км: 813.2860000000001<br>Страны: UA-RU<br>Коэффициент расстояния: 1.34<br>Коэффициент страны: 0.85<br>Коэффициент груза: 0.3<br>Параметры груза: длина - 1, ширина - 1, высота - 1, вес - 1.<br>Тип перевозки: Крытая<br>Цена: 277.8998262 EUR', '111111111111', '2015-10-06 23:50:44', '2015-10-06 23:51:09'),
(43, 1, 1, 'Маршрут<br>Откуда: Киев, город Киев, Украина<br>Куда: Ополе, Польша<br>Длина маршрута, км: 1061.932<br>Страны: UA-PL<br>Коэффициент расстояния: 1.24<br>Коэффициент страны: 0.7<br>Коэффициент груза: 1<br>Параметры груза: длина - 13, ширина - 2, высота - 2, вес - 22.<br>Тип перевозки: Крытая<br>Цена: 921.756976 EUR', '0675020400', '2015-10-08 00:32:29', '2015-10-08 00:39:39'),
(44, 1, 1, 'Email отправителя: <strong>dostavkakherson@ukr.net</strong><br>Маршрут<br>Откуда: Нижнекамск, Республика Татарстан, Россия<br>Куда: Херсон, Херсонская область, Украина<br>Длина маршрута, км: 2103.891<br>Страны: RU-UA<br>Коэффициент расстояния: 1.1<br>Коэффициент страны: 0.6<br>Коэффициент груза: 1<br>Параметры груза: длина - 13.6, ширина - 2.5, высота - 2.5, вес - 22.<br>Тип перевозки: Крытая<br>Цена: 1388.56806 EUR', ' 380503965599', '2015-10-08 17:47:50', '2015-10-08 17:55:42'),
(45, 1, 1, 'Email отправителя: <strong>info@kanjiparts.com</strong><br>Маршрут<br>Откуда: Stralsund, Deutschland<br>Куда: Харьков, Харьковская область, Украина<br>Длина маршрута, км: 2003.919<br>Страны: DE-UA<br>Коэффициент расстояния: 1.1<br>Коэффициент страны: 0.7<br>Коэффициент груза: 0.3<br>Параметры груза: длина - 1.5, ширина - 1.5, высота - 1.5, вес - 3.<br>Тип перевозки: Крытая<br>Цена: 462.905289 EUR', '0686024486', '2015-10-08 20:00:35', '2015-10-08 20:10:20'),
(46, 1, 1, 'Email отправителя: <strong>tdenisova@blitz.kiev.ua</strong><br>Маршрут<br>Откуда: Иматра, Финляндия<br>Куда: Киев, город Киев, Украина<br>Длина маршрута, км: 1437.711<br>Страны: FI-UA<br>Коэффициент расстояния: 1.24<br>Коэффициент страны: 0.7<br>Коэффициент груза: 1<br>Параметры груза: длина - 13.6, ширина - 2.5, высота - 2.5, вес - 20.<br>Тип перевозки: Крытая<br>Цена: 1247.933148 EUR', '067-434-81-65', '2015-10-09 19:37:48', '2015-10-09 19:45:30'),
(47, 1, 1, 'Email отправителя: <strong>sasha.elovikov75@mail.ru</strong><br>Маршрут<br>Откуда: Кировоградская область, Украина<br>Куда: Харьков, Харьковская область, Украина<br>Транзит 0: Полтава, Полтавская область, Украина<br>Длина маршрута, км: 388.55<br>Страны: UA-UA<br>Коэффициент расстояния: 1.83<br>Коэффициент страны: 0.45<br>Коэффициент груза: 0.5<br>Параметры груза: длина - 3, ширина - 1.8, высота - 1.8, вес - 2.<br>Тип перевозки: Крытая<br>Цена: 3839.6510999999996 UAH', '0960878106', '2015-10-11 06:45:05', '2015-10-11 15:21:32'),
(48, 1, 1, 'Email отправителя: <strong>eskaliburplus@gmail.com</strong><br>Маршрут<br>Откуда: Украина<br>Куда: Волгоград, Россия<br>Длина маршрута, км: 1223.039<br>Страны: UA-RU<br>Коэффициент расстояния: 1.24<br>Коэффициент страны: 0.85<br>Коэффициент груза: 1<br>Параметры груза: длина - 13.6, ширина - 2.45, высота - 2.7, вес - 20.<br>Тип перевозки: Крытая<br>Цена: 30937.994544000005 UAH', '0504586960', '2015-10-12 17:33:47', '2015-10-12 19:08:16'),
(49, 1, 1, 'Маршрут<br>Откуда: Киев, город Киев, Украина<br>Куда: Санкт-Петербург, город Санкт-Петербург, Россия<br>Длина маршрута, км: 1226.394<br>Страны: UA-RU<br>Коэффициент расстояния: 1.24<br>Коэффициент страны: 0.85<br>Коэффициент груза: 1<br>Параметры груза: длина - 13, ширина - 2, высота - 2, вес - 22.<br>Тип перевозки: Крытая<br>Цена: 1292.6192760000001 EUR', '0675020400', '2015-10-13 00:37:34', '2015-10-13 00:43:16'),
(50, 1, 1, 'Email отправителя: <strong>dmitriy55555@ukr.net</strong><br>Маршрут<br>Откуда: Глеваха, Киевская область, Украина<br>Куда: Крюковщина, Киевская область, Украина<br>Длина маршрута, км: 24.654<br>Страны: UA-UA<br>Коэффициент расстояния: 3.58<br>Коэффициент страны: 0.45<br>Коэффициент груза: 0.5<br>Параметры груза: длина - 4.2, ширина - 2.2, высота - 2.2, вес - 2.<br>Тип перевозки: Крытая<br>Цена: 19.858797 EUR', '0967251355', '2015-10-13 04:06:01', '2015-10-13 04:09:03'),
(51, 1, 1, 'Маршрут<br>Откуда: Харьков, Харьковская область, Украина<br>Куда: Днепропетровск, Днепропетровская область, Украина<br>Длина маршрута, км: 216.93<br>Страны: UA-UA<br>Коэффициент расстояния: 2.24<br>Коэффициент страны: 0.45<br>Коэффициент груза: 0.5<br>Параметры груза: длина - 3, ширина - 1.8, высота - 1.5, вес - 2.<br>Тип перевозки: Крытая<br>Цена: 2623.985280000001 UAH', '0633789782', '2015-10-13 18:00:44', '2015-10-13 18:47:34'),
(52, 1, 1, 'Email отправителя: <strong>skr1987skr@gmail.com</strong><br>Маршрут<br>Откуда: Ромны, Сумская область, Украина<br>Куда: Модена, Италия<br>Длина маршрута, км: 2252.848<br>Страны: UA-IT<br>Коэффициент расстояния: 1.1<br>Коэффициент страны: 0.9<br>Коэффициент груза: 0.4<br>Параметры груза: длина - 2.4, ширина - 1.6, высота - 0.8, вес - 3.<br>Тип перевозки: Крытая<br>Цена: 892.1278080000002 EUR', ' 380678384647', '2015-10-13 19:12:01', '2015-10-13 19:13:53'),
(53, 1, 1, 'Маршрут<br>Откуда: Одесса, Одесская область, Украина<br>Куда: Хмельницкая область, Украина<br>Длина маршрута, км: 550.436<br>Страны: UA-UA<br>Коэффициент расстояния: 1.42<br>Коэффициент страны: 0.45<br>Коэффициент груза: 1.2<br>Параметры груза: длина - 10, ширина - 2.5, высота - 3, вес - 20.<br>Тип перевозки: Крытая<br>Цена: 422.0743248 EUR', '380976023465', '2015-10-14 02:07:03', '2015-10-14 16:28:55'),
(54, 1, 1, 'Email отправителя: <strong>bal@standartlogistic.ru</strong><br>Маршрут<br>Откуда: Екатеринбург, Свердловская область, Россия<br>Куда: Прага, Чехия<br>Длина маршрута, км: 3714.541<br>Страны: RU-CZ<br>Коэффициент расстояния: 1<br>Коэффициент страны: 0.65<br>Коэффициент груза: 1<br>Параметры груза: длина - 13, ширина - 2.4, высота - 2, вес - 21.<br>Тип перевозки: Крытая<br>Цена: 2414.45165 EUR', ' 79292150203', '2015-10-14 20:05:07', '2015-10-14 20:07:22'),
(55, 1, 1, 'Email отправителя: <strong>vip.centralmarket@mail.ru</strong><br>Маршрут<br>Откуда: Понинка, Полонное, Хмельницкая область, Украина<br>Куда: Липовець, Вінницька область, Україна<br>Длина маршрута, км: 206.607<br>Страны: UA-UA<br>Коэффициент расстояния: 2.24<br>Коэффициент страны: 0.45<br>Коэффициент груза: 0.3<br>Параметры груза: длина - 7, ширина - 2.3, высота - 2, вес - 2.<br>Тип перевозки: Крытая<br>Цена: 62.4779568 EUR', '380971646503', '2015-10-17 22:53:52', '2015-10-19 15:58:29'),
(56, 1, 1, 'Email отправителя: <strong>kirpi4enka@gmail.com</strong><br>Маршрут<br>Откуда: Салоники, Греция<br>Куда: Киев, город Киев, Украина<br>Длина маршрута, км: 1590.406<br>Страны: GR-UA<br>Коэффициент расстояния: 1.1<br>Коэффициент страны: 0.96<br>Коэффициент груза: 1<br>Параметры груза: длина - 13, ширина - 2.4, высота - 2, вес - 22.<br>Тип перевозки: ADR перевозка<br>Цена: 1931.3890463999999 EUR', '0996050731', '2015-10-23 16:19:50', '2015-10-23 16:39:22'),
(57, 1, 1, 'Email отправителя: <strong>bueskey@gmail.com</strong><br>Маршрут<br>Откуда: Прилуки, Черниговская область, Украина<br>Куда: Будапешт, Венгрия<br>Транзит 0: Папа, Венгрия<br>Длина маршрута, км: 1624.211<br>Страны: UA-HU<br>Коэффициент расстояния: 1.1<br>Коэффициент страны: 0.75<br>Коэффициент груза: 0.8<br>Параметры груза: длина - 8, ширина - 2.4, высота - 1.5, вес - 7.5.<br>Тип перевозки: Крытая<br>Цена: 1071.9792600000003 EUR', '0936329409', '2015-10-23 16:50:34', '2015-10-23 16:58:44'),
(58, 1, 1, 'Email отправителя: <strong>nailbomb12@gmail.com</strong><br>Маршрут<br>Откуда: Bolszewo, Polska<br>Куда: Дунаевцы, Хмельницкая область, Украина<br>Длина маршрута, км: 1142.458<br>Страны: PL-UA<br>Коэффициент расстояния: 1.24<br>Коэффициент страны: 0.7<br>Коэффициент груза: 1<br>Параметры груза: длина - 9, ширина - 2.45, высота - 2.65, вес - 10.<br>Тип перевозки: Крытая<br>Цена: 23799.685056000002 UAH', ' 380931915550', '2015-10-23 16:51:45', '2015-10-23 16:58:57'),
(59, 1, 1, 'Email отправителя: <strong>m.petrova@neolit.ua</strong><br>Маршрут<br>Откуда: Барселона, Испания<br>Куда: Киев, город Киев, Украина<br>Длина маршрута, км: 3120.522<br>Страны: ES-UA<br>Коэффициент расстояния: 1.05<br>Коэффициент страны: 0.8<br>Коэффициент груза: 1<br>Параметры груза: длина - 13.6, ширина - 2.4, высота - 2, вес - 20.<br>Тип перевозки: Крытая<br>Цена: 2621.2384800000004 EUR', '0675667978', '2015-10-23 18:12:52', '2015-10-23 18:19:52'),
(60, 1, 1, 'Email отправителя: <strong>m.petrova@neolit.ua</strong><br>Маршрут<br>Откуда: Измир, Турция<br>Куда: Киев, город Киев, Украина<br>Длина маршрута, км: 1732.428<br>Страны: TR-UA<br>Коэффициент расстояния: 1.1<br>Коэффициент страны: 0.9<br>Коэффициент груза: 1<br>Параметры груза: длина - 13.6, ширина - 2.4, высота - 2, вес - 20.<br>Тип перевозки: Крытая<br>Цена: 1715.1037200000003 EUR', '0675667978', '2015-10-23 18:13:09', '2015-10-23 18:20:13'),
(61, 1, 1, 'Email отправителя: <strong>m.petrova@neolit.ua</strong><br>Маршрут<br>Откуда: Вольфен, Биттерфельд-Вольфен, Германия<br>Куда: Киев, город Киев, Украина<br>Длина маршрута, км: 1454.229<br>Страны: DE-UA<br>Коэффициент расстояния: 1.24<br>Коэффициент страны: 0.7<br>Коэффициент груза: 1<br>Параметры груза: длина - 13.6, ширина - 2.4, высота - 2, вес - 20.<br>Тип перевозки: Крытая<br>Цена: 1262.2707719999999 EUR', '0675667978', '2015-10-23 18:13:32', '2015-10-23 18:20:33'),
(62, 1, 1, 'Email отправителя: <strong>m.petrova@neolit.ua</strong><br>Маршрут<br>Откуда: Сарагоса, Испания<br>Куда: Киев, город Киев, Украина<br>Длина маршрута, км: 3409.163<br>Страны: ES-UA<br>Коэффициент расстояния: 1.05<br>Коэффициент страны: 0.8<br>Коэффициент груза: 1<br>Параметры груза: длина - 13.6, ширина - 2.4, высота - 2, вес - 20.<br>Тип перевозки: Крытая<br>Цена: 2863.6969200000003 EUR', '0675667978', '2015-10-23 18:13:51', '2015-10-23 18:20:46'),
(63, 1, 1, 'Email отправителя: <strong>ilvento2013@ya.ru</strong><br>Маршрут<br>Откуда: Aviano, PN, Italia<br>Куда: Киев, город Киев, Украина<br>Длина маршрута, км: 1808.558<br>Страны: IT-UA<br>Коэффициент расстояния: 1.1<br>Коэффициент страны: 0.7<br>Коэффициент груза: 0.3<br>Параметры груза: длина - 1, ширина - 0.5, высота - 1, вес - 0.1.<br>Тип перевозки: Крытая<br>Цена: 417.776898 EUR', '0636748802', '2015-10-26 20:17:52', '2015-10-26 20:28:37'),
(64, 1, 1, 'Email отправителя: <strong>sk1@sksv.com.ua</strong><br>Маршрут<br>Откуда: Днепропетровск, Днепропетровская область, Украина<br>Куда: Китай Шандонг<br>Длина маршрута, км: NaN<br>Страны: UA-CN<br>Коэффициент расстояния: 1<br>Коэффициент страны: 1<br>Коэффициент груза: 0.3<br>Параметры груза: длина - 1, ширина - 1, высота - 1, вес - 0.5.<br>Тип перевозки: Крытая<br>Цена: NaN UAH', '0966711922', '2015-10-26 23:37:25', '2015-10-26 23:39:03'),
(65, 1, 1, 'Email отправителя: <strong>akonit850@gmail.com</strong><br>Маршрут<br>Откуда: Киев<br>Куда: Копенгаген, Дания<br>Длина маршрута, км: 1776.593<br>Страны: UA-DK<br>Коэффициент расстояния: 1.1<br>Коэффициент страны: 0.9<br>Коэффициент груза: 0.4<br>Параметры груза: длина - 2, ширина - 1.5, высота - 1, вес - 0.7.<br>Тип перевозки: Крытая<br>Цена: 703.5308280000002 EUR', ' 380506469773', '2015-10-27 04:57:09', '2015-10-27 15:47:29'),
(66, 1, 1, 'Email отправителя: <strong>miroshnychenko@gmail.com</strong><br>Маршрут<br>Откуда: Рожнятов, Ивано-Франковская область, Украина<br>Куда: Спишска-Нова-Вес, Словакия<br>Длина маршрута, км: 431.519<br>Страны: UA-SK<br>Коэффициент расстояния: 1.83<br>Коэффициент страны: 0.75<br>Коэффициент груза: 1<br>Параметры груза: длина - 1, ширина - 1, высота - 1, вес - 22.<br>Тип перевозки: Крытая<br>Цена: 592.2598275 EUR', ' 421915446537', '2015-10-27 17:00:23', '2015-10-27 17:01:41'),
(67, 1, 1, 'Email отправителя: <strong>лутуяшищ"пьфшдюсщь</strong><br>Маршрут<br>Откуда: Opole, Polonia<br>Куда: Kiev, Kyiv city, Ukraine<br>Длина маршрута, км: 1060.227<br>Страны: PL-UA<br>Коэффициент расстояния: 1.24<br>Коэффициент страны: 0.7<br>Коэффициент груза: 0.3<br>Параметры груза: длина - 1, ширина - 1, высота - 1, вес - 0.1.<br>Тип перевозки: Крытая<br>Цена: 303.69142188 USD', '0636104156', '2015-10-28 18:16:14', '2015-10-28 18:36:05'),
(68, 1, 1, 'Маршрут<br>Откуда: Хайльбронн, Германия<br>Куда: Харьков, Харьковская область, Украина<br>Длина маршрута, км: 2328.985<br>Страны: DE-UA<br>Коэффициент расстояния: 1.1<br>Коэффициент страны: 0.7<br>Коэффициент груза: 0.3<br>Параметры груза: длина - 1.2, ширина - 1, высота - 1, вес - 0.1.<br>Тип перевозки: Крытая<br>Цена: 537.9955349999999 EUR', '0675020400', '2015-10-28 19:43:35', '2015-10-28 19:43:51'),
(69, 1, 1, 'Email отправителя: <strong>kirpi4enka@gmail.com</strong><br>Маршрут<br>Откуда: Волгоград, Волгоградская область, Россия<br>Куда: Бердянск, Запорожская область, Украина<br>Длина маршрута, км: 730.158<br>Страны: RU-UA<br>Коэффициент расстояния: 1.42<br>Коэффициент страны: 0.63<br>Коэффициент груза: 1<br>Параметры груза: длина - 13.5, ширина - 2.4, высота - 2, вес - 22.<br>Тип перевозки: Крытая<br>Цена: 15676.7843232 UAH', '0996050731', '2015-10-28 20:41:39', '2015-10-28 20:44:47'),
(70, 1, 1, 'Email отправителя: <strong>haegemonia@bigmir.net</strong><br>Маршрут<br>Откуда: Хмельницкий, Хмельницкая область, Украина<br>Куда: Славутич, Киевская область, Украина<br>Транзит 0: Староконстантинов, Хмельницкая область, Украина<br>Длина маршрута, км: 493.694<br>Страны: UA-UA<br>Коэффициент расстояния: 1.83<br>Коэффициент страны: 0.45<br>Коэффициент груза: 0.3<br>Параметры груза: длина - 7, ширина - 1.5, высота - 1.5, вес - 0.2.<br>Тип перевозки: Крытая<br>Цена: 2927.2104648000004 UAH', ' 380931314808', '2015-10-29 14:47:49', '2015-10-29 15:53:57'),
(71, 1, 1, 'Email отправителя: <strong>dshport@airclim.com.ua</strong><br>Маршрут<br>Откуда: Хелм, Польша<br>Куда: Киев, город Киев, Украина<br>Длина маршрута, км: 534.091<br>Страны: PL-UA<br>Коэффициент расстояния: 1.42<br>Коэффициент страны: 0.7<br>Коэффициент груза: 0.4<br>Параметры груза: длина - 2.5, ширина - 1.2, высота - 2.23, вес - 0.545.<br>Тип перевозки: Крытая<br>Цена: 212.3545816 EUR', '0677373684', '2015-10-31 01:18:22', '2015-11-02 15:52:04'),
(72, 1, 1, 'Email отправителя: <strong>oldim@lviv.farlep.net</strong><br>Маршрут<br>Откуда: Адана, Турция<br>Куда: Львов, Львовская область, Украина<br>Длина маршрута, км: 2374.1040000000003<br>Страны: TR-UA<br>Коэффициент расстояния: 1.1<br>Коэффициент страны: 0.9<br>Коэффициент груза: 1<br>Параметры груза: длина - 13, ширина - 2.5, высота - 2.5, вес - 22.<br>Тип перевозки: Крытая<br>Цена: 2585.3992560000006 USD', ' 380681380779', '2015-11-01 16:19:50', '2015-11-02 15:52:20'),
(73, 1, 1, 'Email отправителя: <strong>qwertygfsdfs@gmail.com</strong><br>Маршрут<br>Откуда: Kiyev, город Киев, Украина<br>Куда: Kharkov, Харьковская область, Украина<br>Длина маршрута, км: 478.314<br>Страны: UA-UA<br>Коэффициент расстояния: 1.83<br>Коэффициент страны: 0.45<br>Коэффициент груза: 0.4<br>Параметры груза: длина - 2, ширина - 2, высота - 2, вес - 2.<br>Тип перевозки: Крытая<br>Цена: 157.55663160000003 EUR', '11111111111111111111111111111111', '2015-11-16 22:41:28', '2015-11-16 22:42:23'),
(74, 1, 1, 'Email отправителя: <strong>test@test.ua</strong><br>Маршрут<br>Откуда: Киев, город Киев, Украина<br>Куда: София, Болгария<br>Длина маршрута, км: 1283.568<br>Страны: UA-BG<br>Коэффициент расстояния: 1.24<br>Коэффициент страны: 0.85<br>Коэффициент груза: 0.3<br>Параметры груза: длина - 1, ширина - 1, высота - 1, вес - 2.<br>Тип перевозки: Крытая<br>Цена: 405.8642016 EUR', '11111111', '2015-11-19 00:41:42', '2015-11-19 00:51:51'),
(75, 1, 1, 'Email отправителя: <strong>xk_borse@list.ru</strong><br>Маршрут<br>Откуда: одесса<br>Куда: Брест, Франция<br>Длина маршрута, км: 3256.705<br>Страны: UA-FR<br>Коэффициент расстояния: 1.05<br>Коэффициент страны: 0.81<br>Коэффициент груза: 1<br>Параметры груза: длина - 11.5, ширина - 2.5, высота - 1.8, вес - 5.<br>Тип перевозки: Крытая<br>Цена: 2769.8276025000005 EUR', '0503921022', '2015-11-19 05:45:57', '2015-11-19 15:53:33'),
(76, 1, 1, 'Email отправителя: <strong>avers.co.ua@gmail.com</strong><br>Маршрут<br>Откуда: Санкт-Петербург, город Санкт-Петербург, Россия<br>Куда: Запорожье, Запорожская область, Украина<br>Длина маршрута, км: 1761.662<br>Страны: RU-UA<br>Коэффициент расстояния: 1.1<br>Коэффициент страны: 0.63<br>Коэффициент груза: 1<br>Параметры груза: длина - 1, ширина - 1.2, высота - 1.5, вес - 21.<br>Тип перевозки: Крытая<br>Цена: 29299.962384000002 UAH', ' 38 050 477 14 21', '2015-11-19 16:12:46', '2015-11-19 16:14:37'),
(77, 1, 1, 'Email отправителя: <strong>yura.fastov@mail.ru</strong><br>Маршрут<br>Откуда: Хернинг, Дания<br>Куда: Ковель, Волынская область, Украина<br>Длина маршрута, км: 1501.518<br>Страны: DK-UA<br>Коэффициент расстояния: 1.1<br>Коэффициент страны: 0.7<br>Коэффициент груза: 1<br>Параметры груза: длина - 16, ширина - 2.5, высота - 2.2, вес - 12.<br>Тип перевозки: Крытая<br>Цена: 1156.1688600000002 EUR', '0979262254', '2015-11-22 21:31:23', '2015-11-23 15:54:00'),
(78, 1, 1, 'Email отправителя: <strong>bvv-ukr@inbox.ru</strong><br>Маршрут<br>Откуда: Гамбург<br>Куда: Днепропетровск, Днепропетровская область, Украина<br>Длина маршрута, км: 2091.218<br>Страны: DE-UA<br>Коэффициент расстояния: 1.1<br>Коэффициент страны: 0.7<br>Коэффициент груза: 0.6<br>Параметры груза: длина - 6, ширина - 1.2, высота - 2.1, вес - 3.<br>Тип перевозки: Крытая<br>Цена: 966.142716 EUR', '0677221315', '2015-11-24 21:25:11', '2015-11-24 21:34:02'),
(79, 1, 1, 'Email отправителя: <strong>test@test.ru</strong><br>Маршрут<br>Откуда: Киев, город Киев, Украина<br>Куда: София, Болгария<br>Длина маршрута, км: 1283.568<br>Страны: UA-BG<br>Коэффициент расстояния: 1.24<br>Коэффициент страны: 0.85<br>Коэффициент груза: 1<br>Параметры груза: длина - 11, ширина - 1, высота - 1, вес - 1.<br>Тип перевозки: Крытая<br>Цена: 1352.880672 EUR', '11111111111', '2015-11-25 03:08:09', '2015-11-25 15:55:06'),
(80, 1, 1, 'Email отправителя: <strong>crossalex7@gmail.com</strong><br>Маршрут<br>Откуда: Киевская область, Украина<br>Куда: Брюссельский столичный регион, Бельгия<br>Длина маршрута, км: 2117.1730000000002<br>Страны: UA-BE<br>Коэффициент расстояния: 1.1<br>Коэффициент страны: 0.75<br>Коэффициент груза: 1.2<br>Параметры груза: длина - 16, ширина - 2.5, высота - 3.3, вес - 20.<br>Тип перевозки: Крытая<br>Цена: 2096.00127 EUR', ' 32488718980', '2015-11-25 16:02:58', '2015-11-25 16:05:20'),
(81, 3, 1, 'Заявка с главной страницы:<br>Откуда: Харьков, Харьковская область, Украина, 61000<br>Куда: Песочин, Харьковская область, Украина, 62416', '11111111111', '2015-11-25 19:57:21', '2015-11-25 19:57:33'),
(82, 1, 1, 'Заявка с главной страницы:<br>Откуда: Турция<br>Куда: Черновцы, Черновицкая область, Украина', '0993504458', '2015-11-26 03:54:45', '2015-11-26 15:55:58'),
(83, 1, 1, 'Заявка с главной страницы:<br>Откуда: Киев<br>Куда: Доха', '0972848232 ', '2015-11-26 17:05:57', '2015-11-26 17:18:28'),
(84, 1, 1, 'Email отправителя: <strong>test</strong><br>Маршрут<br>Откуда: Милан, Мілан, Італія<br>Куда: мадрид<br>Длина маршрута, км: 1578.172<br>Страны: IT-ES<br>Коэффициент расстояния: 1.1<br>Коэффициент страны: 1.02<br>Коэффициент груза: 0.4<br>Параметры груза: длина - 2, ширина - 1, высота - 2, вес - 2.<br>Тип перевозки: Крытая<br>Цена: 708.2835936000001 EUR', '0000000000', '2015-11-27 20:08:49', '2015-11-27 20:32:43'),
(85, 1, 1, 'Заявка с главной страницы:<br>Откуда: киев<br>Куда: Конго Демократическая Республика Посольство, Симферопольский бульвар, Москва, город Москва, Россия', '0937094066', '2015-11-28 22:34:56', '2015-11-30 15:53:27'),
(86, 1, 1, 'Заявка с главной страницы:<br>Откуда: Москва, город Москва, Россия<br>Куда: Хмельницкий, Хмельницкая область, Украина', ' 38 067 990 54 12', '2015-11-29 07:17:40', '2015-11-30 15:53:46'),
(87, 1, 1, 'Маршрут<br>Откуда: Київ, місто Київ, Україна<br>Куда: Минск, Білорусь<br>Длина маршрута, км: 530.0020000000001<br>Страны: UA-BY<br>Коэффициент расстояния: 1.42<br>Коэффициент страны: 0.9<br>Коэффициент груза: 0.4<br>Параметры груза: длина - 2, ширина - 0.2, высота - 0.1, вес - 0.7.<br>Тип перевозки: Крытая<br>Цена: 270.93702240000005 EUR', '0964442623', '2015-11-30 18:55:14', '2015-11-30 18:57:26');
INSERT INTO `orders` (`id`, `condition_id`, `viewed`, `content`, `phone`, `created_at`, `updated_at`) VALUES
(88, 1, 1, 'Email отправителя: <strong>kamenskja@rambler.ru</strong><br>Маршрут<br>Откуда: Белгород, Белгородская область, Россия<br>Куда: Белая Церковь, Киевская область, Украина<br>Длина маршрута, км: NaN<br>Страны: undefined-undefined<br>Коэффициент расстояния: 1<br>Коэффициент страны: 1<br>Коэффициент груза: 1<br>Параметры груза: длина - 2, ширина - 0.4, высота - 0.6, вес - 20.<br>Тип перевозки: Крытая<br>Цена: NaN UAH', ' 79155622453', '2015-12-01 00:10:51', '2015-12-01 00:22:12'),
(89, 1, 1, 'Email отправителя: <strong>1</strong><br>Маршрут<br>Откуда: Володарка, Киевская область, Украина<br>Куда: Черкассы, Черкасская область, Украина<br>Длина маршрута, км: 205.54500000000002<br>Страны: UA-UA<br>Коэффициент расстояния: 2.24<br>Коэффициент страны: 0.45<br>Коэффициент груза: 0.4<br>Параметры груза: длина - 2.5, ширина - 1, высота - 1.4, вес - 1.<br>Тип перевозки: Крытая<br>Цена: 1989.0178560000002 UAH', '0677463558', '2015-12-01 02:36:47', '2015-12-01 15:57:06'),
(90, 1, 1, 'Заявка с главной страницы:<br>Откуда: Маневичи, Волынская область, Украина<br>Куда: Кривой Рог, Днепропетровская область, Украина', '0671727373', '2015-12-01 02:56:22', '2015-12-01 15:57:30'),
(91, 1, 1, 'Заявка с главной страницы:<br>Откуда: Дрогобич, Львівська область, Україна<br>Куда: Гамбурґ, Німеччина', '0676726086', '2015-12-01 21:39:57', '2015-12-01 22:12:46'),
(92, 1, 1, 'Маршрут<br>Откуда: Дружковка, Донецкая область, Украина<br>Куда: Мілянувек, Польша<br>Длина маршрута, км: 1447.8220000000001<br>Страны: UA-PL<br>Коэффициент расстояния: 1.24<br>Коэффициент страны: 0.7<br>Коэффициент груза: 1<br>Параметры груза: длина - 13, ширина - 2.2, высота - 1.8, вес - 20.<br>Тип перевозки: Крытая<br>Цена: 1256.7094960000002 EUR', '0966241949', '2015-12-01 22:57:02', '2015-12-01 23:05:26'),
(93, 1, 1, 'Заявка с главной страницы:<br>Откуда: Киев, город Киев, Украина<br>Куда: Петровка, Киев, город Киев, Украина', '1111111', '2015-12-02 01:39:42', '2015-12-02 03:17:26'),
(94, 1, 1, 'Заявка с главной страницы:<br>Откуда: Тест<br>Куда: Тест', '1111111111', '2015-12-02 01:45:12', '2015-12-02 03:17:21'),
(95, 1, 1, 'Заявка с главной страницы:<br>Откуда: Песочин, Харьковская область, Украина, 62416<br>Куда: Харьков, Харьковская область, Украина, 61000', '123456789', '2015-12-02 17:24:08', '2015-12-02 18:00:04'),
(96, 1, 1, 'Заявка с главной страницы:<br>Откуда: <br>Куда: ', '11111111111', '2015-12-02 17:28:25', '2015-12-02 18:00:11'),
(97, 1, 1, 'Заявка с главной страницы:<br>Откуда: <br>Куда: ', '1111111111111', '2015-12-02 17:30:32', '2015-12-02 18:00:14'),
(98, 1, 1, 'Email отправителя: <strong>test@test.com</strong><br>Маршрут<br>Откуда: Харьков, Харьковская область, Украина, 61000<br>Куда: Песочин, Харьковская область, Украина, 62416<br>Длина маршрута, км: 11.48<br>Страны: UA-UA<br>Коэффициент расстояния: 3.58<br>Коэффициент страны: 0.45<br>Коэффициент груза: 0.3<br>Параметры груза: длина - 1, ширина - 1, высота - 1, вес - 1.<br>Тип перевозки: Крытая<br>Цена: 5.548284000000001 EUR', '123456789', '2015-12-02 17:34:49', '2015-12-02 18:00:17'),
(99, 1, 1, 'Заявка с главной страницы:<br>Откуда: Песочин, Харьковская область, Украина, 62416<br>Куда: Харьков, Харьковская область, Украина, 61000', '123456789', '2015-12-02 17:42:45', '2015-12-02 18:00:20'),
(100, 1, 1, 'Email отправителя: <strong>andriy.patrik@gmail.com</strong><br>Маршрут<br>Откуда: Черкассы, Черкасская область, Украина<br>Куда: Івано-Франківськ, Ивано-Франковская область, Украина<br>Длина маршрута, км: 686.052<br>Страны: UA-UA<br>Коэффициент расстояния: 1.42<br>Коэффициент страны: 0.45<br>Коэффициент груза: 1.2<br>Параметры груза: длина - 16, ширина - 2.5, высота - 3.3, вес - 20.<br>Тип перевозки: Крытая<br>Цена: 12625.5521664 UAH', '0958349854', '2015-12-03 03:01:29', '2015-12-03 15:54:43'),
(101, 1, 1, 'Заявка с главной страницы:<br>Откуда: Guangdong, China<br>Куда: Kiyev, город Киев, Украина', '380957062870', '2015-12-03 18:09:22', '2015-12-03 18:15:29'),
(102, 1, 1, 'Заявка с главной страницы:<br>Откуда: Санто-Стефано-Бельбо, Кунео, Италия<br>Куда: Одесса-Главная, Одесса, Одесская область, Украина', '0503333470', '2015-12-03 22:18:36', '2015-12-03 22:25:03'),
(103, 1, 1, 'Заявка с главной страницы:<br>Откуда: Николаев, Миколаївська область, Україна<br>Куда: Люблін, Польща', '0675127022', '2015-12-04 21:37:41', '2015-12-04 22:55:17'),
(104, 1, 1, 'Заявка с главной страницы:<br>Откуда: Киев, город Киев, Украина<br>Куда: Грас, Франция', '0930126357', '2015-12-05 19:08:47', '2015-12-07 15:54:10'),
(105, 1, 1, 'Маршрут<br>Откуда: проспект 40-летия Октября, Киев, город Киев, Украина <br>Куда: Первомайская, 14, Вишнёвое, Киевская область, Украина<br>Длина маршрута, км: 11.846<br>Страны: UA-UA<br>Коэффициент расстояния: 3.58<br>Коэффициент страны: 0.45<br>Коэффициент груза: 0.4<br>Параметры груза: длина - 2, ширина - 1, высота - 1, вес - 1.<br>Тип перевозки: Крытая<br>Цена: 183.2054976 UAH', '0966822236', '2015-12-06 19:27:36', '2015-12-07 15:54:21'),
(106, 1, 1, 'Заявка с главной страницы:<br>Откуда: Одесса, Одесская область, Украина<br>Куда: Ливия', '0996207788', '2015-12-07 00:05:13', '2015-12-07 15:55:11'),
(107, 1, 1, 'Заявка с главной страницы:<br>Откуда: Киев, город Киев, Украина<br>Куда: Запорожье, Запорожская область, Украина', '0509059766', '2015-12-07 03:05:13', '2015-12-07 15:55:31'),
(108, 1, 1, 'Заявка с главной страницы:<br>Откуда: Черкаси, Черкасская область, Украина<br>Куда: Львів, Львовская область, Украина', '0662242517', '2015-12-08 06:17:15', '2015-12-08 15:49:30'),
(109, 1, 1, 'Маршрут<br>Откуда: Снятин, Ивано-Франковская область, Украина<br>Куда: Кедина Гора, Черкасская область, Украина<br>Длина маршрута, км: 674.515<br>Страны: UA-UA<br>Коэффициент расстояния: 1.42<br>Коэффициент страны: 0.45<br>Коэффициент груза: 1.2<br>Параметры груза: длина - 16, ширина - 2.5, высота - 3, вес - 20.<br>Тип перевозки: Крытая<br>Цена: 517.218102 EUR', '0504198896', '2015-12-08 21:02:06', '2015-12-08 21:05:52'),
(110, 1, 1, 'Заявка с главной страницы:<br>Откуда: германия Айхельхардт<br>Куда: Бердянськ, Запорізька область, Україна', '050911823', '2015-12-09 20:09:56', '2015-12-09 20:19:12'),
(111, 1, 1, 'Email отправителя: <strong>9118235@ukr.net</strong><br>Маршрут<br>Откуда: Германия Айхельхардт<br>Куда: Украина Запорожская область Бердянск<br>Длина маршрута, км: 2535.311<br>Страны: DE-UA<br>Коэффициент расстояния: 1.05<br>Коэффициент страны: 0.7<br>Коэффициент груза: 0.4<br>Параметры груза: длина - 2, ширина - 2, высота - 2, вес - 1.<br>Тип перевозки: Крытая<br>Цена: 745.381434 EUR', ' 380509118235', '2015-12-09 20:23:11', '2015-12-09 20:36:04');

-- --------------------------------------------------------

--
-- Структура таблицы `password_reminders`
--

CREATE TABLE IF NOT EXISTS `password_reminders` (
  `email` varchar(255) COLLATE utf8_unicode_ci NOT NULL,
  `token` varchar(255) COLLATE utf8_unicode_ci NOT NULL,
  `created_at` timestamp NOT NULL DEFAULT '0000-00-00 00:00:00',
  KEY `password_reminders_email_index` (`email`),
  KEY `password_reminders_token_index` (`token`)
) ENGINE=InnoDB DEFAULT CHARSET=utf8 COLLATE=utf8_unicode_ci;

--
-- Дамп данных таблицы `password_reminders`
--

INSERT INTO `password_reminders` (`email`, `token`, `created_at`) VALUES
('eugene_v@bitrix24.ua', 'e0c42b21d19013082c2619bb6b4844bc5bf6ff5a', '2015-09-21 16:56:23'),
('Evgeniyushakov@bestfreight.com.ua', '0c1b1fe3b96f4744951ce71819bab94d1f7e73c1', '2015-10-13 01:50:10'),
('380676412040e@gmail.com', 'f34e911e49247ae07fbdb806879ce7a14159add7', '2015-12-02 23:54:08');

-- --------------------------------------------------------

--
-- Структура таблицы `persons`
--

CREATE TABLE IF NOT EXISTS `persons` (
  `id` int(10) unsigned NOT NULL AUTO_INCREMENT,
  `user_id` int(10) unsigned NOT NULL,
  `name` varchar(255) COLLATE utf8_unicode_ci NOT NULL,
  `surname` varchar(255) COLLATE utf8_unicode_ci NOT NULL,
  `patronymic` varchar(255) COLLATE utf8_unicode_ci NOT NULL,
  `phone` varchar(255) COLLATE utf8_unicode_ci NOT NULL,
  PRIMARY KEY (`id`),
  KEY `persons_user_id_foreign` (`user_id`),
  KEY `persons_phone_index` (`phone`)
) ENGINE=InnoDB  DEFAULT CHARSET=utf8 COLLATE=utf8_unicode_ci AUTO_INCREMENT=11 ;

--
-- Дамп данных таблицы `persons`
--

INSERT INTO `persons` (`id`, `user_id`, `name`, `surname`, `patronymic`, `phone`) VALUES
(1, 4, 'Антон', 'Шляпников', 'Харитонотоволич', '123456789'),
(2, 5, 'Максим', 'Карпенко', 'Николаевич', '0668304755'),
(3, 11, 'Мария', 'Рошка', 'Георгиевна', '+40759066769'),
(4, 12, 'Анатолий', 'БК', 'Леонидович', '+7 929 215 02 03'),
(5, 13, 'Алла', 'Федосеева', 'Викторовна', '0674854561'),
(7, 23, 'Valerija', 'Vojnalovich', 'Konstantinovna', '+38 050 282 49 67'),
(8, 40, 'Моксунова', 'Никита', 'Николаевна', '0936329315'),
(9, 66, 'Светлана', 'Иванова', 'Анатольевна', '0969834508'),
(10, 67, 'Анастасия', 'Пасынок', 'Витальевна', '123456789');

-- --------------------------------------------------------

--
-- Структура таблицы `roles`
--

CREATE TABLE IF NOT EXISTS `roles` (
  `id` int(10) unsigned NOT NULL AUTO_INCREMENT,
  `name` varchar(255) COLLATE utf8_unicode_ci NOT NULL,
  PRIMARY KEY (`id`)
) ENGINE=InnoDB  DEFAULT CHARSET=utf8 COLLATE=utf8_unicode_ci AUTO_INCREMENT=3 ;

--
-- Дамп данных таблицы `roles`
--

INSERT INTO `roles` (`id`, `name`) VALUES
(1, 'admin'),
(2, 'member');

-- --------------------------------------------------------

--
-- Структура таблицы `role_user`
--

CREATE TABLE IF NOT EXISTS `role_user` (
  `id` int(10) unsigned NOT NULL AUTO_INCREMENT,
  `user_id` int(10) unsigned NOT NULL,
  `role_id` int(10) unsigned NOT NULL,
  PRIMARY KEY (`id`),
  KEY `role_user_user_id_foreign` (`user_id`),
  KEY `role_user_role_id_foreign` (`role_id`)
) ENGINE=InnoDB  DEFAULT CHARSET=utf8 COLLATE=utf8_unicode_ci AUTO_INCREMENT=69 ;

--
-- Дамп данных таблицы `role_user`
--

INSERT INTO `role_user` (`id`, `user_id`, `role_id`) VALUES
(1, 1, 1),
(2, 2, 2),
(3, 3, 2),
(4, 4, 2),
(5, 5, 2),
(6, 6, 2),
(7, 7, 2),
(8, 8, 2),
(9, 9, 2),
(10, 10, 2),
(11, 11, 2),
(12, 12, 2),
(13, 13, 2),
(14, 14, 2),
(15, 15, 2),
(16, 16, 2),
(17, 17, 2),
(18, 18, 2),
(19, 19, 2),
(20, 20, 2),
(21, 21, 2),
(22, 22, 2),
(23, 23, 2),
(24, 24, 2),
(26, 26, 2),
(27, 27, 2),
(28, 28, 2),
(29, 29, 2),
(30, 30, 2),
(31, 31, 2),
(32, 32, 2),
(33, 33, 2),
(34, 34, 2),
(35, 35, 2),
(36, 36, 2),
(37, 37, 2),
(38, 38, 2),
(39, 39, 2),
(40, 40, 2),
(41, 41, 2),
(42, 42, 2),
(43, 43, 2),
(44, 44, 2),
(45, 45, 2),
(46, 46, 2),
(47, 47, 2),
(48, 48, 2),
(49, 49, 2),
(50, 50, 2),
(51, 51, 2),
(52, 52, 2),
(53, 53, 2),
(54, 54, 2),
(55, 55, 2),
(56, 56, 2),
(57, 57, 2),
(58, 58, 2),
(59, 59, 2),
(60, 60, 2),
(61, 61, 2),
(62, 62, 2),
(63, 63, 2),
(64, 64, 2),
(65, 65, 2),
(66, 66, 2),
(67, 67, 2),
(68, 68, 2);

-- --------------------------------------------------------

--
-- Структура таблицы `rules`
--

CREATE TABLE IF NOT EXISTS `rules` (
  `id` int(10) unsigned NOT NULL AUTO_INCREMENT,
  `coeff_id` int(10) unsigned NOT NULL,
  `letter` varchar(255) COLLATE utf8_unicode_ci NOT NULL,
  `value` decimal(10,2) NOT NULL,
  PRIMARY KEY (`id`),
  KEY `rules_coeff_id_foreign` (`coeff_id`)
) ENGINE=InnoDB  DEFAULT CHARSET=utf8 COLLATE=utf8_unicode_ci AUTO_INCREMENT=46 ;

--
-- Дамп данных таблицы `rules`
--

INSERT INTO `rules` (`id`, `coeff_id`, `letter`, `value`) VALUES
(1, 1, 'a', '3.58'),
(2, 1, 'b', '2.24'),
(3, 1, 'c', '1.83'),
(4, 1, 'd', '1.42'),
(5, 1, 'e', '1.34'),
(6, 1, 'f', '1.24'),
(7, 1, 'g', '1.10'),
(9, 1, 'h', '1.05'),
(10, 1, 'i', '1.00'),
(11, 2, 'min', '0.10'),
(12, 2, 'max', '2.50'),
(13, 3, 'min', '0.10'),
(14, 3, 'f', '10.00'),
(15, 3, 'b', '2.00'),
(16, 3, 'c', '3.00'),
(17, 3, 'd', '5.00'),
(18, 3, 'e', '7.00'),
(19, 3, 'max', '16.00'),
(20, 4, 'min', '0.10'),
(21, 4, 'middle', '2.80'),
(22, 4, 'max', '3.30'),
(23, 5, 'min', '0.10'),
(24, 5, 'a', '7.00'),
(25, 5, 'b', '10.00'),
(26, 5, 'max', '22.00'),
(27, 6, 'a', '0.20'),
(28, 6, 'b', '0.30'),
(29, 6, 'c', '0.50'),
(30, 6, 'd', '0.70'),
(31, 6, 'e', '0.80'),
(32, 6, 'f', '1.00'),
(33, 6, 'g', '1.20'),
(34, 7, 'a', '100000.00'),
(35, 7, 'b', '300000.00'),
(36, 7, 'c', '500000.00'),
(37, 7, 'd', '750000.00'),
(38, 7, 'e', '1000000.00'),
(39, 7, 'f', '1500000.00'),
(40, 7, 'g', '2500000.00'),
(41, 7, 'h', '3500000.00'),
(42, 3, 'a', '1.20'),
(43, 5, 'a', '2.00'),
(44, 6, 'min', '0.10'),
(45, 3, 'g', '13.60');

-- --------------------------------------------------------

--
-- Структура таблицы `ru_blocks`
--

CREATE TABLE IF NOT EXISTS `ru_blocks` (
  `id` int(10) unsigned NOT NULL AUTO_INCREMENT,
  `block_id` int(10) unsigned NOT NULL,
  `content` text COLLATE utf8_unicode_ci NOT NULL,
  PRIMARY KEY (`id`),
  KEY `ru_blocks_block_id_foreign` (`block_id`)
) ENGINE=InnoDB DEFAULT CHARSET=utf8 COLLATE=utf8_unicode_ci AUTO_INCREMENT=1 ;

-- --------------------------------------------------------

--
-- Структура таблицы `ua_areas`
--

CREATE TABLE IF NOT EXISTS `ua_areas` (
  `id` int(10) unsigned NOT NULL AUTO_INCREMENT,
  `name` varchar(255) COLLATE utf8_unicode_ci NOT NULL,
  PRIMARY KEY (`id`)
) ENGINE=InnoDB  DEFAULT CHARSET=utf8 COLLATE=utf8_unicode_ci AUTO_INCREMENT=43 ;

--
-- Дамп данных таблицы `ua_areas`
--

INSERT INTO `ua_areas` (`id`, `name`) VALUES
(15, 'Волынская область'),
(16, 'Львовская область'),
(17, 'Закарпатская область'),
(18, 'Ровенская область'),
(19, 'Тернопольская область'),
(20, 'Ивано-Франковская область'),
(21, 'Хмельницкая область'),
(22, 'Черновицкая область'),
(23, 'Житомирская область'),
(24, 'Винницкая область'),
(25, 'Киевская область'),
(26, 'Черниговская область'),
(27, 'Сумская область'),
(28, 'Черкасская область'),
(29, 'Кировоградская область'),
(30, 'Полтавская область'),
(31, 'Харьковская область'),
(32, 'Днепропетровская область'),
(33, 'Запорожская область'),
(34, 'Донецкая область'),
(35, 'Луганская область'),
(36, 'Николаевская область'),
(37, 'Одесская область'),
(38, 'Херсонская область'),
(42, 'UA');

-- --------------------------------------------------------

--
-- Структура таблицы `ua_coeffs`
--

CREATE TABLE IF NOT EXISTS `ua_coeffs` (
  `id` int(10) unsigned NOT NULL AUTO_INCREMENT,
  `start_id` int(10) unsigned NOT NULL,
  `end_id` int(10) unsigned NOT NULL,
  `value` decimal(3,2) NOT NULL,
  PRIMARY KEY (`id`),
  UNIQUE KEY `ua_coeffs_start_id_end_id_unique` (`start_id`,`end_id`),
  KEY `ua_coeffs_end_id_foreign` (`end_id`)
) ENGINE=InnoDB  DEFAULT CHARSET=utf8 COLLATE=utf8_unicode_ci AUTO_INCREMENT=128 ;

--
-- Дамп данных таблицы `ua_coeffs`
--

INSERT INTO `ua_coeffs` (`id`, `start_id`, `end_id`, `value`) VALUES
(3, 15, 15, '0.70'),
(4, 15, 17, '0.70'),
(5, 15, 21, '0.90'),
(6, 15, 19, '0.70'),
(7, 15, 16, '0.70'),
(8, 15, 18, '0.70'),
(9, 15, 20, '0.70'),
(10, 15, 22, '0.70'),
(11, 15, 37, '0.85'),
(12, 15, 25, '0.80'),
(13, 15, 23, '0.60'),
(14, 15, 31, '0.90'),
(15, 15, 42, '0.80'),
(16, 15, 24, '0.65'),
(17, 16, 24, '0.60'),
(18, 16, 23, '0.60'),
(19, 16, 42, '0.70'),
(20, 16, 25, '0.70'),
(21, 16, 26, '0.67'),
(22, 16, 22, '0.80'),
(23, 16, 21, '0.65'),
(24, 16, 20, '0.80'),
(25, 16, 18, '0.80'),
(26, 16, 19, '0.80'),
(27, 16, 17, '0.65'),
(28, 16, 16, '0.50'),
(29, 16, 15, '0.61'),
(30, 16, 27, '0.70'),
(31, 16, 28, '0.70'),
(32, 16, 29, '0.75'),
(33, 16, 30, '0.60'),
(34, 16, 31, '0.90'),
(35, 16, 32, '0.90'),
(36, 16, 33, '0.90'),
(37, 16, 36, '0.85'),
(38, 16, 37, '0.87'),
(39, 16, 38, '0.87'),
(40, 16, 34, '1.30'),
(41, 16, 35, '1.30'),
(42, 15, 36, '0.85'),
(43, 15, 38, '0.85'),
(44, 15, 33, '0.90'),
(45, 15, 34, '1.30'),
(46, 15, 35, '1.30'),
(47, 15, 32, '0.90'),
(48, 15, 29, '0.75'),
(49, 15, 30, '0.60'),
(50, 15, 27, '0.70'),
(51, 15, 28, '0.70'),
(52, 15, 26, '0.70'),
(53, 17, 25, '0.64'),
(54, 17, 42, '0.64'),
(55, 17, 15, '0.55'),
(56, 17, 16, '0.50'),
(57, 17, 17, '0.77'),
(58, 17, 18, '0.80'),
(59, 17, 19, '0.80'),
(60, 17, 20, '0.80'),
(61, 17, 21, '0.65'),
(62, 17, 22, '0.80'),
(63, 17, 23, '0.60'),
(64, 17, 24, '0.60'),
(65, 17, 26, '0.67'),
(66, 17, 27, '0.70'),
(67, 17, 28, '0.70'),
(68, 17, 29, '0.75'),
(69, 17, 30, '0.60'),
(70, 17, 31, '0.90'),
(71, 17, 32, '0.90'),
(72, 17, 33, '0.90'),
(73, 17, 34, '1.30'),
(74, 17, 35, '1.30'),
(75, 17, 36, '0.85'),
(76, 17, 37, '0.87'),
(77, 17, 38, '0.87'),
(78, 18, 25, '0.65'),
(79, 18, 42, '0.65'),
(80, 18, 15, '0.61'),
(81, 18, 16, '0.70'),
(82, 18, 17, '0.99'),
(83, 18, 18, '0.70'),
(84, 18, 19, '0.90'),
(85, 18, 20, '0.75'),
(86, 18, 22, '0.90'),
(87, 18, 21, '0.90'),
(88, 18, 23, '0.60'),
(89, 18, 24, '0.70'),
(90, 18, 26, '0.70'),
(91, 18, 27, '0.70'),
(92, 18, 28, '0.85'),
(93, 18, 29, '0.85'),
(94, 18, 30, '0.60'),
(95, 18, 31, '0.90'),
(96, 18, 32, '0.90'),
(97, 18, 33, '0.85'),
(98, 18, 34, '1.30'),
(99, 18, 35, '1.30'),
(100, 18, 36, '0.90'),
(101, 18, 37, '0.90'),
(102, 18, 38, '0.90'),
(103, 19, 15, '0.61'),
(104, 19, 16, '0.83'),
(105, 19, 17, '0.90'),
(106, 19, 18, '0.70'),
(107, 19, 19, '0.80'),
(108, 19, 20, '1.00'),
(109, 19, 21, '0.90'),
(110, 19, 22, '0.90'),
(111, 19, 23, '0.65'),
(112, 19, 24, '0.65'),
(113, 19, 25, '0.72'),
(114, 19, 42, '0.72'),
(115, 19, 26, '0.80'),
(116, 19, 27, '0.85'),
(117, 19, 28, '0.90'),
(118, 19, 29, '0.90'),
(119, 19, 30, '0.70'),
(120, 19, 31, '0.85'),
(121, 19, 32, '0.85'),
(122, 19, 33, '0.90'),
(123, 19, 34, '1.30'),
(124, 19, 35, '1.30'),
(125, 19, 36, '0.99'),
(126, 19, 37, '0.99'),
(127, 19, 38, '0.99');

-- --------------------------------------------------------

--
-- Структура таблицы `users`
--

CREATE TABLE IF NOT EXISTS `users` (
  `id` int(10) unsigned NOT NULL AUTO_INCREMENT,
  `email` varchar(255) COLLATE utf8_unicode_ci NOT NULL,
  `password` varchar(255) COLLATE utf8_unicode_ci NOT NULL,
  PRIMARY KEY (`id`),
  UNIQUE KEY `users_name_unique` (`email`)
) ENGINE=InnoDB  DEFAULT CHARSET=utf8 COLLATE=utf8_unicode_ci AUTO_INCREMENT=69 ;

--
-- Дамп данных таблицы `users`
--

INSERT INTO `users` (`id`, `email`, `password`) VALUES
(1, 'admin', '$2y$10$OiCLbsVnXZvERnj29XfTwOPENt/MEq8vuvG/NLIdq8eBfRO0riPqW'),
(2, 'member@gmail.com', '$2y$10$CiS1/.CBINI38BV5CX8Yo.jV8sWr3wfw23V1SG2gyvA.8CusaCJPK'),
(3, 'member1', '$2y$10$EAyKCRmJvqxO97NJYT3pkeGSWwebkSUwlnuk0rSgC0lst5Wp.uWvK'),
(4, 'umer.hurramov@gmail.com', '$2y$10$cn.32KHyMhzkpF6OaeCiiuVltXo5lS2TTTLyx/xuG1pBpnRbTJV0C'),
(5, 'info@imsmedia.net.ua', '$2y$10$PIg3Mt3W.vm2O3jRPZ96X.2jDuwpdbrr7T3Nyv0EDegI/73xAASt6'),
(6, 'eugene_v@bitrix24.ua', '$2y$10$IaGgY4Mmr/oRWVjlw8vUWO66cWaVnjh/Sbg1PJvGJlafZzL6OH5Iu'),
(7, 'klis@mail.ru', '$2y$10$2Z2MBLb0WKfNYaF./WM5WuBa0HN7/7veOeKD3KecAQOfQLXYIGJR6'),
(8, '380676412040e@gmail.com', '$2y$10$CVMm53e.0ONFbDAXz2WbB.PepQ7sXzaLciQ04jg.BuBUQi05J15zW'),
(9, 'Evgeniyushakov@bestfreight.com.ua', '$2y$10$7xrkFOpXN2A.YlizxqZ8J.HAbFYPf8BU9FOcG2ePUD3hYzrTUAU7.'),
(10, 'ibnHotabuh@narod.ru', '$2y$10$VC0pxO8wlhDI64KcNEqsCuNEa/XyfrST9MYupZvnkImNhi8x2xKT6'),
(11, 'marinarosca.doco@yahoo.com', '$2y$10$luRawBY2UKBHjvFNCs8lwOQG5nCvjj2NnTSYJziryki1k0uzTccmu'),
(12, 'bal@standartlogistic.ru', '$2y$10$VY7fv8/NFyiQbG1eP7BXMOhNaOj72QrqxY/6r.L6y/MLvGUDySNey'),
(13, 'floraodessa@mail.ru', '$2y$10$AnW4p3TrN.ncDUmbwouDMenV.0NmZpsCuPm8dKfVor0/ZAEsof9hi'),
(14, 'svetlan.sas@yandex.ua', '$2y$10$wMlxnyj.6LeOFoy7tIlZxOtkvGpBHyOXZ4yHvybkV.KWrqVIMauiu'),
(15, 'gvf_ua@mail.ru', '$2y$10$QIkRdm0gbTJ3Sj.VWLc8W.0FCcbKAbjSe9bpXlUfDdQoCj5NksIXe'),
(16, 'royik71@mail.ru', '$2y$10$XRxHXD4ouqFMIxeUqg1A4eguiP5BGXHG2qVUDQtDmsKheqaqkIwXC'),
(17, 'machula06@mail.ru', '$2y$10$QMSbIxQdYpdBuGSSr21vueR4fgei/EL0tak9JmeYtyF/CQGaCEAyK'),
(18, 'gmmtrans@ukr.net', '$2y$10$X8CbWEEpWuVc/FbxHO.DXOUVYDCG0uCTDtquYGXTEvKV5DVCB0Qt.'),
(19, '6552vk@mfil.ru', '$2y$10$0YOnzw0grhAkC3hCU8.GPOEoThcEG9PJSXPRzisxgaz9ACZ8itlEq'),
(20, 'woodpelletsukraine@gmail.com', '$2y$10$InwMFNsuliUq4fW80CUOrOMJORTlSHPin9eQESxOA1T7UVRclROQm'),
(21, 'tdenisova@blitz.kiev.ua', '$2y$10$Gzn9/aprya6L0yE4Q/OcPusOfzNsWCMpoX4PGQqh8yQDDAQDY.55G'),
(22, 'kopilecalex@gmail.com', '$2y$10$w26Irr2tMANO21B0NWWyuuBmeY9hTqSFirSWhYM1ec0uxqd6w/Rx6'),
(23, 'valery-vojnalovich@yandex.ru', '$2y$10$W8LWmrE/vwWFnhkpeW7tquC/6TxvGM/mxdyEMA9aw.5EtYDt/33x2'),
(24, 'roman-lyapin@mail.ru', '$2y$10$ygX6v68wNAxa9s5zYA/WWeus20nWGwCip4MoeQNE3Y.8LFbxrZ5Ke'),
(26, 'myhotmail24@gmail.com', '$2y$10$YJPFr0yddZVNKIJFkyrbP.pNbiPdKPEPTkaB1MEuKGIWNWCQYoI.O'),
(27, 'vkaratysh@mail.ua', '$2y$10$hogpd9D5hxi7Dz0mXgqLlePKYrEl/sqsvhBZy7IF04fBqMFNFHIiO'),
(28, 'skr1987skr@gmail.com', '$2y$10$0DSF7Ld/r5VN42D..XjcWOpbi7xZ.gdOr2544q72hPJVhmboob.ZS'),
(29, 'georgi86@ukr.net', '$2y$10$3M.tQpWpZLdVjUnl/IudFu9dradQih81AISEMV9c84NZQPwNOOPtO'),
(30, 'kirpi4enka@gmail.com', '$2y$10$mgP88r4jZyoW3IAmjvSQbOjEEtfgtQbFxCydA/mLG.Z7USsIKD7mi'),
(31, 'igor_zavalnyi@mail.ru', '$2y$10$rMRwg4myuPqF0vN5F.Zcq.ppxQjPJGdVqQE4qkaZWEKwxcXRl1r0m'),
(32, 'ilvento2013@ya.ru', '$2y$10$6B89Qq34nGeASh9BlXekS./PaF4z2t4TuV71qrNTx7Ppp6uh.7UY6'),
(33, 'balitsky@gmail.com', '$2y$10$PpjoWuldIK9..zi6gaFH3eDmE99jPneQTysBHyk1lq/ZpcQ.wEVXG'),
(34, 'mets@bing.com', '$2y$10$aro68QM4AEK7UxjrvYmsYeirolyHJC.48h9ZDkgB3/RvfZWF9zQ7y'),
(35, 'nike@gmail.com', '$2y$10$074.7jR41nEAaiq6h.6EVeZbpSDkBQkAxNpZPZ2tzQK1QBDjbX9jq'),
(36, '1anastasia@mail.ru', '$2y$10$qAjTfFfFXbCEgJ4.5sX3uOeCo9fK0yK/Hjg3m4eXUKB/PbVda3QvC'),
(37, 'mcflic@rambler.ru', '$2y$10$T07B1aszrPBjd60aAqBy3eNPEsMeLocIhEEa//GL.jEjn2QGCq3rq'),
(38, 'luzan.vitya@bk.ru', '$2y$10$j4II4d5EOzdaoKr/vewcDOjPQn1IAS08zZtFtNhbu77GooItLnMJ6'),
(39, 'i.peshehodko@gmail.com', '$2y$10$FtZ.ay9PyofCuThN3qeSfeACSWQiuXMMiveCYMD6F5L2UHkgL2/ly'),
(40, 'bueskey@gmail.com', '$2y$10$glaXeQEIcWv//Gps/sm1uuxljZ96aPc8K3TOHMNu516Q.R/7IliMG'),
(41, 'ae@eliteblacksea.com', '$2y$10$MN3Aq8UdQXeXytE91Zr8VOKGsDnuDaQ2VeZOEQQivFcUMrBsOf10C'),
(42, 'vesna-signal@mail.ru', '$2y$10$DWIrWszchpDn3RldjdYYBey/R2bNTSQV3agNgLaLJIvG4OgwyGUSi'),
(43, 'yahska@i.ua', '$2y$10$Rlgd3zJ1nMUOR0cS.BX.PeqirNIi4R32HZK2Xtetc6A5XVt47Px1y'),
(44, 'bvv-ukr@inbox.ru', '$2y$10$YwrPZVypBobtzn2W7bmHh.ZqhzCJknsxfSkzZ7qcaK3a.Gt5U5P16'),
(45, 'Isanchukanna@gmail.com', '$2y$10$btTRw7IvGkblwWGBs9FSpe5lNCjBRHbsVwy7R0INUGaGXLyXIzgX6'),
(46, 'hunter12@mail.ru', '$2y$10$57gYX/820K0kq8WF9iIKbuDy/Ra0MeLTqNI2HIkRWLrfNQGAAg2Fq'),
(47, 'Test@Test.ua', '$2y$10$FJssqZeY8dNNvimuwLOifOq7FQdBl0h5myQis.sFDJKw548cCNLWC'),
(48, 'crossalex7@gmail.com', '$2y$10$.Fg2UiHyUcUxJNI4dSQQ9eaIKC5H9jheCWYveZRVzJ3bJe623sNGa'),
(49, 'b-stas@ukr.net', '$2y$10$.KT7cXiOVMZjjrVIbtXXw.iPyrUQPBOCdAflmF27/Tu9b3EFqprLq'),
(50, 'oleapc@gmail.com', '$2y$10$loouw9kyL4WSWz96UrMa7eca6k.OywQ/kpIxcB2Hfhd2GaW9V71jC'),
(51, 'darafey10@bigmir.net', '$2y$10$H2XOJMXU7KPIUQgBGZz/xuhpwVJtD/HzcJaF2eOar.Ar4wB5eyTgS'),
(52, 'pioneerka.888@mail.ru', '$2y$10$KZNzzsjIlw8rUIvKqdcaO.6GM7lpLgwjpD58rk.f27IpTEj3pdLsu'),
(53, 'Viga.46@hotmail.com', '$2y$10$eUJ0C1Et9U9KiC0Q9jKskeOOhkh9duQz4HRCIpMxfL5hsW9.Mo69m'),
(54, 'A_Bondarchuk@kvartalstroy.com.ua', '$2y$10$gEAXIJCBnEf9tlgFu7az5e6KoeezCSrOul4by.RoEJ/aaTpAmccae'),
(55, 'renabal@wp.pl', '$2y$10$NRnizOb8/8o5A4tJ1wKSL.bYBNcjBZXwxa2TiGb6dwEWicq1pNUhq'),
(56, 'petrunenkoa@gmail.com', '$2y$10$ee6RCiGWAtUKFoR72oTs9uBv9kq.WRK4KuEXzHV6e1dleplJmf09S'),
(57, 'serg_uastrong@mail.ru', '$2y$10$qu8PYJv/94phfrembwYF5O9alKentzk2y1bkKuRwsALx/.q4b2vRO'),
(58, 'tarmaster@ukr.net', '$2y$10$2MU0L6tMsYJyp9H1Llt/yOU/ax0nAQHOmityh7pUg8bLP31FxgToe'),
(59, 'zubnata15@gmail.com', '$2y$10$XdRRBn2pMSLBE2Bw41SDwORySTIkUowAW0Y4DTaU8pBjbYOp/Y0Ga'),
(60, 'dsssd@mail.ru', '$2y$10$COErY.T4Gk/lXtK3QT.4KunCju1OAtcfL6GKYRtVi4pgZE1aEUNp2'),
(61, 'plotkinvadim@ukr.net', '$2y$10$NeBnCyJhVDzo4Kt1g2oZB.7MIaLMk84632XVJG4K2kBwSDksJX03e'),
(62, 'r0951767508@yandex.com', '$2y$10$R.TNw6e8KTr2nWYAaevW2edUU9WbnvlUHA0148DiQVqJRBO8huQVi'),
(63, 'oleeg-jjj94@mail.ru', '$2y$10$2CMGQLBrPxmU4bx0X39nL.IbEjwqbiD8TfJjSBS.L6bgCUlNJDRTi'),
(64, 'svetulya07.ss@gmail.com', '$2y$10$QuH2TgjHeOSGdAJTvuONaOlZKYpP0H/GryI85G5vlszvf/CM2/APC'),
(65, 'irisha.tokareva.1980@mail.ru', '$2y$10$olxe3NCJISzcWs2VbXgZDuA/X2Ddj5pOpZds4jeJ3uiFqXuFsFVaC'),
(66, 'svetlana.roskosh@gmail.com', '$2y$10$m9BVkb1R43cyJvDj8lYYmOYXARKN.jNreqzh62ZCtLVva1Gjnbsw6'),
(67, 'nastyuxa@test.test', '$2y$10$gtW9jh7Qok/LuXq83bSMtuLcHwdSUktxVDEAZ8OcTbVOfw4DYX9iq'),
(68, 'leelaturangos@gmail.com', '$2y$10$uNdcvWiogNL5rVdxmF4YNuYLx0M5xma4YPyOqax2lB3MAIQAHF1Lu');

-- --------------------------------------------------------

--
-- Структура таблицы `workgroups`
--

CREATE TABLE IF NOT EXISTS `workgroups` (
  `id` int(10) unsigned NOT NULL AUTO_INCREMENT,
  `name` varchar(255) COLLATE utf8_unicode_ci NOT NULL,
  `icon` varchar(255) COLLATE utf8_unicode_ci NOT NULL,
  PRIMARY KEY (`id`)
) ENGINE=InnoDB  DEFAULT CHARSET=utf8 COLLATE=utf8_unicode_ci AUTO_INCREMENT=4 ;

--
-- Дамп данных таблицы `workgroups`
--

INSERT INTO `workgroups` (`id`, `name`, `icon`) VALUES
(1, 'Грузовладелец', 'icon-box'),
(2, 'Агент', 'icon-case'),
(3, 'Другое', 'icon-face');

-- --------------------------------------------------------

--
-- Структура таблицы `works`
--

CREATE TABLE IF NOT EXISTS `works` (
  `id` int(10) unsigned NOT NULL AUTO_INCREMENT,
  `name` varchar(255) COLLATE utf8_unicode_ci NOT NULL,
  `workgroup_id` int(10) unsigned NOT NULL,
  PRIMARY KEY (`id`),
  KEY `works_workgroup_id_foreign` (`workgroup_id`)
) ENGINE=InnoDB  DEFAULT CHARSET=utf8 COLLATE=utf8_unicode_ci AUTO_INCREMENT=14 ;

--
-- Дамп данных таблицы `works`
--

INSERT INTO `works` (`id`, `name`, `workgroup_id`) VALUES
(1, 'Импортер', 1),
(2, 'Экспортер', 1),
(3, 'Другое', 1),
(4, 'Экспедитор морских грузов', 2),
(5, 'Экспедитор ж/д грузов', 2),
(7, 'Экспедитор авиа грузов', 2),
(8, 'Экспедитор автомобильных грузов', 2),
(9, 'Таможенный брокер', 2),
(10, 'Агент складской логистики', 2),
(11, 'Физическое лицо', 3),
(13, 'Юридическое лицо', 3);

-- --------------------------------------------------------

--
-- Структура таблицы `work_user`
--

CREATE TABLE IF NOT EXISTS `work_user` (
  `id` int(10) unsigned NOT NULL AUTO_INCREMENT,
  `user_id` int(10) unsigned NOT NULL,
  `work_id` int(10) unsigned NOT NULL,
  PRIMARY KEY (`id`),
  UNIQUE KEY `work_user_user_id_work_id_unique` (`user_id`,`work_id`),
  KEY `work_user_work_id_foreign` (`work_id`)
) ENGINE=InnoDB  DEFAULT CHARSET=utf8 COLLATE=utf8_unicode_ci AUTO_INCREMENT=54 ;

--
-- Дамп данных таблицы `work_user`
--

INSERT INTO `work_user` (`id`, `user_id`, `work_id`) VALUES
(53, 67, 9);

--
-- Ограничения внешнего ключа сохраненных таблиц
--

--
-- Ограничения внешнего ключа таблицы `bids`
--
ALTER TABLE `bids`
  ADD CONSTRAINT `bids_currency_id_foreign` FOREIGN KEY (`currency_id`) REFERENCES `currencies` (`id`),
  ADD CONSTRAINT `bids_cargo_type_id_foreign` FOREIGN KEY (`cargo_type_id`) REFERENCES `cargo_types` (`id`),
  ADD CONSTRAINT `bids_user_id_foreign` FOREIGN KEY (`user_id`) REFERENCES `users` (`id`);

--
-- Ограничения внешнего ключа таблицы `countries`
--
ALTER TABLE `countries`
  ADD CONSTRAINT `countries_code_id_foreign` FOREIGN KEY (`code_id`) REFERENCES `codes` (`id`) ON DELETE CASCADE;

--
-- Ограничения внешнего ключа таблицы `en_blocks`
--
ALTER TABLE `en_blocks`
  ADD CONSTRAINT `en_blocks_block_id_foreign` FOREIGN KEY (`block_id`) REFERENCES `blocks` (`id`) ON DELETE CASCADE;

--
-- Ограничения внешнего ключа таблицы `forms`
--
ALTER TABLE `forms`
  ADD CONSTRAINT `forms_user_id_foreign` FOREIGN KEY (`user_id`) REFERENCES `users` (`id`);

--
-- Ограничения внешнего ключа таблицы `orders`
--
ALTER TABLE `orders`
  ADD CONSTRAINT `orders_condition_id_foreign` FOREIGN KEY (`condition_id`) REFERENCES `conditions` (`id`);

--
-- Ограничения внешнего ключа таблицы `persons`
--
ALTER TABLE `persons`
  ADD CONSTRAINT `persons_user_id_foreign` FOREIGN KEY (`user_id`) REFERENCES `users` (`id`);

--
-- Ограничения внешнего ключа таблицы `role_user`
--
ALTER TABLE `role_user`
  ADD CONSTRAINT `role_user_role_id_foreign` FOREIGN KEY (`role_id`) REFERENCES `roles` (`id`),
  ADD CONSTRAINT `role_user_user_id_foreign` FOREIGN KEY (`user_id`) REFERENCES `users` (`id`);

--
-- Ограничения внешнего ключа таблицы `rules`
--
ALTER TABLE `rules`
  ADD CONSTRAINT `rules_coeff_id_foreign` FOREIGN KEY (`coeff_id`) REFERENCES `coeffs` (`id`);

--
-- Ограничения внешнего ключа таблицы `ru_blocks`
--
ALTER TABLE `ru_blocks`
  ADD CONSTRAINT `ru_blocks_block_id_foreign` FOREIGN KEY (`block_id`) REFERENCES `blocks` (`id`) ON DELETE CASCADE;

--
-- Ограничения внешнего ключа таблицы `ua_coeffs`
--
ALTER TABLE `ua_coeffs`
  ADD CONSTRAINT `ua_coeffs_end_id_foreign` FOREIGN KEY (`end_id`) REFERENCES `ua_areas` (`id`) ON DELETE CASCADE,
  ADD CONSTRAINT `ua_coeffs_start_id_foreign` FOREIGN KEY (`start_id`) REFERENCES `ua_areas` (`id`) ON DELETE CASCADE;

--
-- Ограничения внешнего ключа таблицы `works`
--
ALTER TABLE `works`
  ADD CONSTRAINT `works_workgroup_id_foreign` FOREIGN KEY (`workgroup_id`) REFERENCES `workgroups` (`id`);

--
-- Ограничения внешнего ключа таблицы `work_user`
--
ALTER TABLE `work_user`
  ADD CONSTRAINT `work_user_user_id_foreign` FOREIGN KEY (`user_id`) REFERENCES `users` (`id`),
  ADD CONSTRAINT `work_user_work_id_foreign` FOREIGN KEY (`work_id`) REFERENCES `works` (`id`);

/*!40101 SET CHARACTER_SET_CLIENT=@OLD_CHARACTER_SET_CLIENT */;
/*!40101 SET CHARACTER_SET_RESULTS=@OLD_CHARACTER_SET_RESULTS */;
/*!40101 SET COLLATION_CONNECTION=@OLD_COLLATION_CONNECTION */;
